index,Series,Vol,OI,TrdDate,VolTemp,OITemp
6,AAV,77,14558,2021-07-16,,
12,ADVANC,231,7965,2021-07-16,,
18,AEONTS,78,611,2021-07-16,,
24,AMATA,1904,11134,2021-07-16,,
30,AOT,135,2962,2021-07-16,,
36,AP,9003,19165,2021-07-16,,
42,AWC,0,11167,2021-07-16,,
48,BA,508,4361,2021-07-16,,
54,BAM,310,8081,2021-07-16,,
60,BANPU,5190,40345,2021-07-16,,
66,BAY,0,1458,2021-07-16,,
72,BBL,25,9592,2021-07-16,,
78,BCH,5601,10551,2021-07-16,,
84,BCP,202,3863,2021-07-16,,
90,BCPG,1813,8471,2021-07-16,,
96,BDMS,1008,9042,2021-07-16,,
102,BEAUTY,520,68182,2021-07-16,,
108,BEC,522,25981,2021-07-16,,
114,BEM,613,35885,2021-07-16,,
120,BGRIM,1937,12521,2021-07-16,,
126,BH,185,1080,2021-07-16,,
132,BJC,308,5479,2021-07-16,,
138,BLA,0,1668,2021-07-16,,
144,BLAND,1502,260094,2021-07-16,,
150,BPP,1803,5953,2021-07-16,,
156,BTS,50084,39318,2021-07-16,,
162,CBG,427,16308,2021-07-16,,
168,CENTEL,211,2056,2021-07-16,,
174,CHG,6205,38896,2021-07-16,,
180,CK,725,12864,2021-07-16,,
186,CKP,2267,12291,2021-07-16,,
192,COM7,326,6083,2021-07-16,,
198,CPALL,352,5227,2021-07-16,,
204,CPF,1050,37620,2021-07-16,,
210,CPN,1088,2041,2021-07-16,,
216,CRC,230,1181,2021-07-16,,
222,DELTA,306,487,2021-07-16,,
228,DTAC,118,6559,2021-07-16,,
234,EA,609,4770,2021-07-16,,
240,EASTW,500,11401,2021-07-16,,
246,EGCO,194,2310,2021-07-16,,
252,EPG,1021,14774,2021-07-16,,
258,ERW,500,6033,2021-07-16,,
264,ESSO,657,7090,2021-07-16,,
270,GFPT,510,11915,2021-07-16,,
276,GLOBAL,201,7013,2021-07-16,,
282,GPSC,9122,6079,2021-07-16,,
288,GULF,108,4256,2021-07-16,,
294,GUNKUL,92289,167206,2021-07-16,,
300,HANA,613,2107,2021-07-16,,
306,HMPRO,511,6793,2021-07-16,,
312,ICHI,519,16075,2021-07-16,,
318,INTUCH,33,308,2021-07-16,,
324,IRPC,3621,88262,2021-07-16,,
330,ITD,248,34287,2021-07-16,,
336,IVL,612,7524,2021-07-16,,
342,JAS,25,57855,2021-07-16,,
348,JMT,422,2845,2021-07-16,,
354,KBANK,1395,12508,2021-07-16,,
360,KCE,122,4355,2021-07-16,,
366,KEX,101,1028,2021-07-16,,
372,KKP,81,1905,2021-07-16,,
378,KTB,329,23090,2021-07-16,,
384,KTC,642,48042,2021-07-16,,
390,LH,2005,7642,2021-07-16,,
396,LPN,503,9249,2021-07-16,,
402,M,42,2605,2021-07-16,,
408,MAJOR,0,7565,2021-07-16,,
414,MBK,0,6178,2021-07-16,,
420,MEGA,0,369,2021-07-16,,
426,MINT,406,6013,2021-07-16,,
432,MTC,1675,3123,2021-07-16,,
438,OR,362,6908,2021-07-16,,
444,ORI,1636,22088,2021-07-16,,
450,OSP,0,3827,2021-07-16,,
456,PLANB,3,18057,2021-07-16,,
462,PRM,1,32125,2021-07-16,,
468,PSH,21,1552,2021-07-16,,
474,PSL,1335,13182,2021-07-16,,
480,PTG,3543,13898,2021-07-16,,
486,PTT,720,12957,2021-07-16,,
492,PTTEP,271,1403,2021-07-16,,
498,PTTGC,1455,13655,2021-07-16,,
504,QH,1000,22967,2021-07-16,,
510,RATCH,20,3794,2021-07-16,,
516,RS,69,87784,2021-07-16,,
522,S,500,37210,2021-07-16,,
528,SAMART,502,9744,2021-07-16,,
534,SAWAD,356,7706,2021-07-16,,
540,SCB,70,2189,2021-07-16,,
546,SCC,0,3415,2021-07-16,,
552,SCGP,704,9451,2021-07-16,,
558,SGP,6,2561,2021-07-16,,
564,SIRI,7649,146380,2021-07-16,,
570,SPALI,2301,495,2021-07-16,,
576,SPCG,0,8340,2021-07-16,,
582,SPRC,1001,7588,2021-07-16,,
588,STA,2354,13282,2021-07-16,,
594,STEC,403,16302,2021-07-16,,
600,STGT,1256,6694,2021-07-16,,
606,STPI,0,17201,2021-07-16,,
612,SUPER,2402,283599,2021-07-16,,
618,TASCO,501,8870,2021-07-16,,
624,TCAP,0,1582,2021-07-16,,
630,THAI,0,18,2021-07-16,,
636,THANI,0,4552,2021-07-16,,
642,THCOM,5,14219,2021-07-16,,
648,THG,727,36,2021-07-16,,
654,TISCO,85,882,2021-07-16,,
660,TKN,1,10022,2021-07-16,,
666,TOA,1,2165,2021-07-16,,
672,TOP,375,5132,2021-07-16,,
678,TPIPL,2011,28903,2021-07-16,,
684,TPIPP,0,6660,2021-07-16,,
690,TQM,22,825,2021-07-16,,
696,TRUE,1034,41026,2021-07-16,,
702,TTA,699,26713,2021-07-16,,
708,TTB,3051,245713,2021-07-16,,
714,TTCL,5,3531,2021-07-16,,
720,TTW,0,4604,2021-07-16,,
726,TU,1627,5564,2021-07-16,,
732,TVO,0,756,2021-07-16,,
738,UNIQ,1500,10643,2021-07-16,,
744,VGI,3,20338,2021-07-16,,
750,VNG,28,2885,2021-07-16,,
756,VNT,471,2046,2021-07-16,,
762,WHA,4080,38001,2021-07-16,,
768,WHAUP,0,2279,2021-07-16,,
769,Single Stock,262646,2667994,2021-07-16,,
6,AAV,221,14558,2021-07-19,,
12,ADVANC,488,7965,2021-07-19,,
18,AEONTS,24,611,2021-07-19,,
24,AMATA,603,11134,2021-07-19,,
30,AOT,460,2962,2021-07-19,,
36,AP,3000,19165,2021-07-19,,
42,AWC,1,11167,2021-07-19,,
48,BA,6,4361,2021-07-19,,
54,BAM,200,8081,2021-07-19,,
60,BANPU,2165,40345,2021-07-19,,
66,BAY,0,1458,2021-07-19,,
72,BBL,60,9592,2021-07-19,,
78,BCH,1832,10551,2021-07-19,,
84,BCP,100,3863,2021-07-19,,
90,BCPG,1110,8471,2021-07-19,,
96,BDMS,720,9042,2021-07-19,,
102,BEAUTY,6,68182,2021-07-19,,
108,BEC,537,25981,2021-07-19,,
114,BEM,1004,35885,2021-07-19,,
120,BGRIM,216,12521,2021-07-19,,
126,BH,0,1080,2021-07-19,,
132,BJC,6,5479,2021-07-19,,
138,BLA,100,1668,2021-07-19,,
144,BLAND,1501,260094,2021-07-19,,
150,BPP,120,5953,2021-07-19,,
156,BTS,803,39318,2021-07-19,,
162,CBG,382,16308,2021-07-19,,
168,CENTEL,2,2056,2021-07-19,,
174,CHG,6542,38896,2021-07-19,,
180,CK,1,12864,2021-07-19,,
186,CKP,110,12291,2021-07-19,,
192,COM7,1113,6083,2021-07-19,,
198,CPALL,102,5227,2021-07-19,,
204,CPF,113,37620,2021-07-19,,
210,CPN,67,2041,2021-07-19,,
216,CRC,0,1181,2021-07-19,,
222,DELTA,44,487,2021-07-19,,
228,DTAC,670,6559,2021-07-19,,
234,EA,304,4770,2021-07-19,,
240,EASTW,0,11401,2021-07-19,,
246,EGCO,123,2310,2021-07-19,,
252,EPG,0,14774,2021-07-19,,
258,ERW,0,6033,2021-07-19,,
264,ESSO,500,7090,2021-07-19,,
270,GFPT,401,11915,2021-07-19,,
276,GLOBAL,803,7013,2021-07-19,,
282,GPSC,2471,6079,2021-07-19,,
288,GULF,1,4256,2021-07-19,,
294,GUNKUL,5184,167206,2021-07-19,,
300,HANA,137,2107,2021-07-19,,
306,HMPRO,200,6793,2021-07-19,,
312,ICHI,6,16075,2021-07-19,,
318,INTUCH,22,308,2021-07-19,,
324,IRPC,4095,88262,2021-07-19,,
330,ITD,200,34287,2021-07-19,,
336,IVL,720,7524,2021-07-19,,
342,JAS,93,57855,2021-07-19,,
348,JMT,0,2845,2021-07-19,,
354,KBANK,132,12508,2021-07-19,,
360,KCE,658,4355,2021-07-19,,
366,KEX,107,1028,2021-07-19,,
372,KKP,70,1905,2021-07-19,,
378,KTB,137,23090,2021-07-19,,
384,KTC,636,48042,2021-07-19,,
390,LH,2,7642,2021-07-19,,
396,LPN,2,9249,2021-07-19,,
402,M,25,2605,2021-07-19,,
408,MAJOR,0,7565,2021-07-19,,
414,MBK,102,6178,2021-07-19,,
420,MEGA,0,369,2021-07-19,,
426,MINT,205,6013,2021-07-19,,
432,MTC,165,3123,2021-07-19,,
438,OR,130,6908,2021-07-19,,
444,ORI,0,22088,2021-07-19,,
450,OSP,115,3827,2021-07-19,,
456,PLANB,0,18057,2021-07-19,,
462,PRM,1,32125,2021-07-19,,
468,PSH,13,1552,2021-07-19,,
474,PSL,634,13182,2021-07-19,,
480,PTG,1005,13898,2021-07-19,,
486,PTT,545,12957,2021-07-19,,
492,PTTEP,337,1403,2021-07-19,,
498,PTTGC,458,13655,2021-07-19,,
504,QH,0,22967,2021-07-19,,
510,RATCH,21,3794,2021-07-19,,
516,RS,8,87784,2021-07-19,,
522,S,0,37210,2021-07-19,,
528,SAMART,1,9744,2021-07-19,,
534,SAWAD,70,7706,2021-07-19,,
540,SCB,84,2189,2021-07-19,,
546,SCC,108,3415,2021-07-19,,
552,SCGP,400,9451,2021-07-19,,
558,SGP,500,2561,2021-07-19,,
564,SIRI,1247,146380,2021-07-19,,
570,SPALI,300,495,2021-07-19,,
576,SPCG,0,8340,2021-07-19,,
582,SPRC,0,7588,2021-07-19,,
588,STA,953,13282,2021-07-19,,
594,STEC,103,16302,2021-07-19,,
600,STGT,446,6694,2021-07-19,,
606,STPI,0,17201,2021-07-19,,
612,SUPER,0,283599,2021-07-19,,
618,TASCO,1163,8870,2021-07-19,,
624,TCAP,300,1582,2021-07-19,,
630,THAI,0,18,2021-07-19,,
636,THANI,0,4552,2021-07-19,,
642,THCOM,33,14219,2021-07-19,,
648,THG,110,36,2021-07-19,,
654,TISCO,161,882,2021-07-19,,
660,TKN,0,10022,2021-07-19,,
666,TOA,2,2165,2021-07-19,,
672,TOP,112,5132,2021-07-19,,
678,TPIPL,1006,28903,2021-07-19,,
684,TPIPP,0,6660,2021-07-19,,
690,TQM,20,825,2021-07-19,,
696,TRUE,1011,41026,2021-07-19,,
702,TTA,673,26713,2021-07-19,,
708,TTB,2733,245713,2021-07-19,,
714,TTCL,0,3531,2021-07-19,,
720,TTW,0,4604,2021-07-19,,
726,TU,203,5564,2021-07-19,,
732,TVO,0,756,2021-07-19,,
738,UNIQ,0,10643,2021-07-19,,
744,VGI,6,20338,2021-07-19,,
750,VNG,11,2885,2021-07-19,,
756,VNT,0,2046,2021-07-19,,
762,WHA,27,38001,2021-07-19,,
768,WHAUP,2,2279,2021-07-19,,
769,Single Stock,56982,2667994,2021-07-19,,
6,AAV,764,8836,2021-07-21,764,8836
12,ADVANC,946,6932,2021-07-21,946,6932
18,AEONTS,21,698,2021-07-21,21,698
24,AMATA,500,11731,2021-07-21,500,11731
30,AOT,1813,3565,2021-07-21,1813,3565
36,AP,6307,21368,2021-07-21,6307,21368
42,AWC,505,12231,2021-07-21,505,12231
48,BA,1039,4371,2021-07-21,1039,4371
54,BAM,16,7924,2021-07-21,16,7924
60,BANPU,8379,44231,2021-07-21,8379,44231
66,BAY,214,1452,2021-07-21,214,1452
72,BBL,315,9862,2021-07-21,315,9862
78,BCH,407,9666,2021-07-21,407,9666
84,BCP,102,3667,2021-07-21,102,3667
90,BCPG,708,10383,2021-07-21,708,10383
96,BDMS,1727,10076,2021-07-21,1727,10076
102,BEAUTY,0,67085,2021-07-21,0,67085
108,BEC,1526,26757,2021-07-21,1526,26757
114,BEM,1005,36384,2021-07-21,1005,36384
120,BGRIM,108,12981,2021-07-21,108,12981
126,BH,64,1038,2021-07-21,64,1038
132,BJC,227,5275,2021-07-21,227,5275
138,BLA,0,1368,2021-07-21,0,1368
144,BLAND,733,259585,2021-07-21,733,259585
150,BPP,620,5572,2021-07-21,620,5572
156,BTS,3913,44298,2021-07-21,3913,44298
162,CBG,749,16495,2021-07-21,749,16495
168,CENTEL,501,1674,2021-07-21,501,1674
174,CHG,10247,40965,2021-07-21,10247,40965
180,CK,828,12567,2021-07-21,828,12567
186,CKP,2412,12549,2021-07-21,2412,12549
192,COM7,903,5684,2021-07-21,903,5684
198,CPALL,213,5069,2021-07-21,213,5069
204,CPF,122,37234,2021-07-21,122,37234
210,CPN,243,1975,2021-07-21,243,1975
216,CRC,12,1380,2021-07-21,12,1380
222,DELTA,24,453,2021-07-21,24,453
228,DTAC,566,6475,2021-07-21,566,6475
234,EA,19,5096,2021-07-21,19,5096
240,EASTW,0,10901,2021-07-21,0,10901
246,EGCO,124,2244,2021-07-21,124,2244
252,EPG,1502,16771,2021-07-21,1502,16771
258,ERW,500,6033,2021-07-21,500,6033
264,ESSO,501,7600,2021-07-21,501,7600
270,GFPT,1118,11614,2021-07-21,1118,11614
276,GLOBAL,1618,7780,2021-07-21,1618,7780
282,GPSC,1914,6468,2021-07-21,1914,6468
288,GULF,100,4262,2021-07-21,100,4262
294,GUNKUL,8285,168003,2021-07-21,8285,168003
300,HANA,32,2257,2021-07-21,32,2257
306,HMPRO,300,6611,2021-07-21,300,6611
312,ICHI,1541,17587,2021-07-21,1541,17587
318,INTUCH,0,337,2021-07-21,0,337
324,IRPC,5839,90390,2021-07-21,5839,90390
330,ITD,305,33202,2021-07-21,305,33202
336,IVL,1046,8029,2021-07-21,1046,8029
342,JAS,4744,57093,2021-07-21,4744,57093
348,JMT,542,3046,2021-07-21,542,3046
354,KBANK,2737,12760,2021-07-21,2737,12760
360,KCE,1553,4673,2021-07-21,1553,4673
366,KEX,0,926,2021-07-21,0,926
372,KKP,270,1688,2021-07-21,270,1688
378,KTB,1879,23494,2021-07-21,1879,23494
384,KTC,209,47948,2021-07-21,209,47948
390,LH,1000,7108,2021-07-21,1000,7108
396,LPN,507,8746,2021-07-21,507,8746
402,M,139,2824,2021-07-21,139,2824
408,MAJOR,101,7567,2021-07-21,101,7567
414,MBK,0,6176,2021-07-21,0,6176
420,MEGA,323,340,2021-07-21,323,340
426,MINT,1446,5926,2021-07-21,1446,5926
432,MTC,165,3381,2021-07-21,165,3381
438,OR,0,7144,2021-07-21,0,7144
444,ORI,2,22567,2021-07-21,2,22567
450,OSP,0,3891,2021-07-21,0,3891
456,PLANB,19,17557,2021-07-21,19,17557
462,PRM,10,32114,2021-07-21,10,32114
468,PSH,1,1574,2021-07-21,1,1574
474,PSL,1109,11549,2021-07-21,1109,11549
480,PTG,606,15532,2021-07-21,606,15532
486,PTT,673,13043,2021-07-21,673,13043
492,PTTEP,317,1563,2021-07-21,317,1563
498,PTTGC,425,14074,2021-07-21,425,14074
504,QH,1510,22967,2021-07-21,1510,22967
510,RATCH,52,3838,2021-07-21,52,3838
516,RS,604,87608,2021-07-21,604,87608
522,S,0,36210,2021-07-21,0,36210
528,SAMART,34,8747,2021-07-21,34,8747
534,SAWAD,515,7626,2021-07-21,515,7626
540,SCB,2593,3140,2021-07-21,2593,3140
546,SCC,1043,3440,2021-07-21,1043,3440
552,SCGP,1014,9864,2021-07-21,1014,9864
558,SGP,0,3061,2021-07-21,0,3061
564,SIRI,4424,153907,2021-07-21,4424,153907
570,SPALI,302,695,2021-07-21,302,695
576,SPCG,0,8339,2021-07-21,0,8339
582,SPRC,500,7088,2021-07-21,500,7088
588,STA,1951,14006,2021-07-21,1951,14006
594,STEC,129,15018,2021-07-21,129,15018
600,STGT,1438,6968,2021-07-21,1438,6968
606,STPI,2000,17690,2021-07-21,2000,17690
612,SUPER,10000,251608,2021-07-21,10000,251608
618,TASCO,1145,8285,2021-07-21,1145,8285
624,TCAP,0,1282,2021-07-21,0,1282
630,THAI,0,18,2021-07-21,0,18
636,THANI,0,5552,2021-07-21,0,5552
642,THCOM,4,15174,2021-07-21,4,15174
648,THG,305,36,2021-07-21,305,36
654,TISCO,41,941,2021-07-21,41,941
660,TKN,37,10028,2021-07-21,37,10028
666,TOA,1094,2066,2021-07-21,1094,2066
672,TOP,249,5458,2021-07-21,249,5458
678,TPIPL,2,28903,2021-07-21,2,28903
684,TPIPP,500,6660,2021-07-21,500,6660
690,TQM,30,845,2021-07-21,30,845
696,TRUE,61,40538,2021-07-21,61,40538
702,TTA,1097,24193,2021-07-21,1097,24193
708,TTB,6935,249425,2021-07-21,6935,249425
714,TTCL,5,3531,2021-07-21,5,3531
720,TTW,0,4604,2021-07-21,0,4604
726,TU,706,6150,2021-07-21,706,6150
732,TVO,0,757,2021-07-21,0,757
738,UNIQ,2,10155,2021-07-21,2,10155
744,VGI,2046,22362,2021-07-21,2046,22362
750,VNG,1,2914,2021-07-21,1,2914
756,VNT,0,2052,2021-07-21,0,2052
762,WHA,537,41191,2021-07-21,537,41191
768,WHAUP,600,2753,2021-07-21,600,2753
769,Single Stock,135806,2667038,2021-07-21,135806,2667038
6,AAV,89,9369,2021-07-22,89,9369
12,ADVANC,405,6546,2021-07-22,405,6546
18,AEONTS,0,678,2021-07-22,0,678
24,AMATA,2317,11231,2021-07-22,2317,11231
30,AOT,448,3396,2021-07-22,448,3396
36,AP,1513,23675,2021-07-22,1513,23675
42,AWC,2086,11735,2021-07-22,2086,11735
48,BA,24,3380,2021-07-22,24,3380
54,BAM,526,7940,2021-07-22,526,7940
60,BANPU,76,44195,2021-07-22,76,44195
66,BAY,103,1654,2021-07-22,103,1654
72,BBL,508,9932,2021-07-22,508,9932
78,BCH,835,9756,2021-07-22,835,9756
84,BCP,406,3567,2021-07-22,406,3567
90,BCPG,3818,11090,2021-07-22,3818,11090
96,BDMS,1812,10172,2021-07-22,1812,10172
102,BEAUTY,500,67085,2021-07-22,500,67085
108,BEC,4518,27249,2021-07-22,4518,27249
114,BEM,2,36888,2021-07-22,2,36888
120,BGRIM,1311,13081,2021-07-22,1311,13081
126,BH,11,977,2021-07-22,11,977
132,BJC,21,5083,2021-07-22,21,5083
138,BLA,202,1368,2021-07-22,202,1368
144,BLAND,2209,259217,2021-07-22,2209,259217
150,BPP,300,5586,2021-07-22,300,5586
156,BTS,2127,42303,2021-07-22,2127,42303
162,CBG,193,16073,2021-07-22,193,16073
168,CENTEL,202,1974,2021-07-22,202,1974
174,CHG,6174,44990,2021-07-22,6174,44990
180,CK,111,11777,2021-07-22,111,11777
186,CKP,2210,12394,2021-07-22,2210,12394
192,COM7,607,6584,2021-07-22,607,6584
198,CPALL,199,5006,2021-07-22,199,5006
204,CPF,2275,37139,2021-07-22,2275,37139
210,CPN,80,1997,2021-07-22,80,1997
216,CRC,0,1386,2021-07-22,0,1386
222,DELTA,129,458,2021-07-22,129,458
228,DTAC,662,6254,2021-07-22,662,6254
234,EA,136,5094,2021-07-22,136,5094
240,EASTW,0,10901,2021-07-22,0,10901
246,EGCO,38,2268,2021-07-22,38,2268
252,EPG,1032,15272,2021-07-22,1032,15272
258,ERW,500,6533,2021-07-22,500,6533
264,ESSO,0,8101,2021-07-22,0,8101
270,GFPT,1776,11718,2021-07-22,1776,11718
276,GLOBAL,1433,7563,2021-07-22,1433,7563
282,GPSC,792,6249,2021-07-22,792,6249
288,GULF,101,4162,2021-07-22,101,4162
294,GUNKUL,7674,166051,2021-07-22,7674,166051
300,HANA,1344,2272,2021-07-22,1344,2272
306,HMPRO,600,6711,2021-07-22,600,6711
312,ICHI,2505,16073,2021-07-22,2505,16073
318,INTUCH,0,337,2021-07-22,0,337
324,IRPC,2199,90563,2021-07-22,2199,90563
330,ITD,1664,33192,2021-07-22,1664,33192
336,IVL,834,8196,2021-07-22,834,8196
342,JAS,14899,59692,2021-07-22,14899,59692
348,JMT,302,3148,2021-07-22,302,3148
354,KBANK,1354,13030,2021-07-22,1354,13030
360,KCE,3377,5298,2021-07-22,3377,5298
366,KEX,228,926,2021-07-22,228,926
372,KKP,180,1601,2021-07-22,180,1601
378,KTB,4344,22953,2021-07-22,4344,22953
384,KTC,203,47951,2021-07-22,203,47951
390,LH,17,7108,2021-07-22,17,7108
396,LPN,509,9248,2021-07-22,509,9248
402,M,92,2920,2021-07-22,92,2920
408,MAJOR,301,7467,2021-07-22,301,7467
414,MBK,2,6176,2021-07-22,2,6176
420,MEGA,210,442,2021-07-22,210,442
426,MINT,816,5695,2021-07-22,816,5695
432,MTC,1253,3303,2021-07-22,1253,3303
438,OR,24,7144,2021-07-22,24,7144
444,ORI,500,22568,2021-07-22,500,22568
450,OSP,102,3891,2021-07-22,102,3891
456,PLANB,502,17576,2021-07-22,502,17576
462,PRM,28,32104,2021-07-22,28,32104
468,PSH,104,1575,2021-07-22,104,1575
474,PSL,548,10553,2021-07-22,548,10553
480,PTG,207,14937,2021-07-22,207,14937
486,PTT,852,13182,2021-07-22,852,13182
492,PTTEP,254,1458,2021-07-22,254,1458
498,PTTGC,566,13907,2021-07-22,566,13907
504,QH,1500,22957,2021-07-22,1500,22957
510,RATCH,27,3850,2021-07-22,27,3850
516,RS,300,87408,2021-07-22,300,87408
522,S,0,36210,2021-07-22,0,36210
528,SAMART,57,8755,2021-07-22,57,8755
534,SAWAD,61,7720,2021-07-22,61,7720
540,SCB,4149,4154,2021-07-22,4149,4154
546,SCC,1167,3946,2021-07-22,1167,3946
552,SCGP,400,10450,2021-07-22,400,10450
558,SGP,0,3061,2021-07-22,0,3061
564,SIRI,28091,152148,2021-07-22,28091,152148
570,SPALI,6030,397,2021-07-22,6030,397
576,SPCG,1,8339,2021-07-22,1,8339
582,SPRC,505,7588,2021-07-22,505,7588
588,STA,817,14292,2021-07-22,817,14292
594,STEC,312,14921,2021-07-22,312,14921
600,STGT,822,7996,2021-07-22,822,7996
606,STPI,0,19190,2021-07-22,0,19190
612,SUPER,1420,241608,2021-07-22,1420,241608
618,TASCO,534,8199,2021-07-22,534,8199
624,TCAP,1,1282,2021-07-22,1,1282
630,THAI,0,18,2021-07-22,0,18
636,THANI,0,5552,2021-07-22,0,5552
642,THCOM,1,15173,2021-07-22,1,15173
648,THG,496,131,2021-07-22,496,131
654,TISCO,52,940,2021-07-22,52,940
660,TKN,7,10061,2021-07-22,7,10061
666,TOA,557,1574,2021-07-22,557,1574
672,TOP,306,5401,2021-07-22,306,5401
678,TPIPL,514,28904,2021-07-22,514,28904
684,TPIPP,0,7160,2021-07-22,0,7160
690,TQM,23,858,2021-07-22,23,858
696,TRUE,3573,40556,2021-07-22,3573,40556
702,TTA,1853,23234,2021-07-22,1853,23234
708,TTB,8340,252279,2021-07-22,8340,252279
714,TTCL,0,3536,2021-07-22,0,3536
720,TTW,0,4604,2021-07-22,0,4604
726,TU,1018,5653,2021-07-22,1018,5653
732,TVO,1,757,2021-07-22,1,757
738,UNIQ,0,10156,2021-07-22,0,10156
744,VGI,1514,22822,2021-07-22,1514,22822
750,VNG,2,2913,2021-07-22,2,2913
756,VNT,131,2052,2021-07-22,131,2052
762,WHA,1548,41694,2021-07-22,1548,41694
768,WHAUP,1,2153,2021-07-22,1,2153
769,Single Stock,159542,2662946,2021-07-22,159542,2662946
6,AAV,77,9372,2021-07-23,77,9372
12,ADVANC,71,6453,2021-07-23,71,6453
18,AEONTS,0,678,2021-07-23,0,678
24,AMATA,6200,10331,2021-07-23,6200,10331
30,AOT,66,3214,2021-07-23,66,3214
36,AP,501,22180,2021-07-23,501,22180
42,AWC,27,9817,2021-07-23,27,9817
48,BA,20,3385,2021-07-23,20,3385
54,BAM,1104,8266,2021-07-23,1104,8266
60,BANPU,58,44187,2021-07-23,58,44187
66,BAY,0,1554,2021-07-23,0,1554
72,BBL,26,9691,2021-07-23,26,9691
78,BCH,412,9849,2021-07-23,412,9849
84,BCP,204,3967,2021-07-23,204,3967
90,BCPG,923,10883,2021-07-23,923,10883
96,BDMS,300,10272,2021-07-23,300,10272
102,BEAUTY,1000,67585,2021-07-23,1000,67585
108,BEC,3020,28244,2021-07-23,3020,28244
114,BEM,2148,36888,2021-07-23,2148,36888
120,BGRIM,2,13588,2021-07-23,2,13588
126,BH,2,979,2021-07-23,2,979
132,BJC,0,5083,2021-07-23,0,5083
138,BLA,0,1366,2021-07-23,0,1366
144,BLAND,982,258258,2021-07-23,982,258258
150,BPP,10,5886,2021-07-23,10,5886
156,BTS,1644,40418,2021-07-23,1644,40418
162,CBG,1088,16093,2021-07-23,1088,16093
168,CENTEL,0,1975,2021-07-23,0,1975
174,CHG,600,40041,2021-07-23,600,40041
180,CK,5510,11679,2021-07-23,5510,11679
186,CKP,2092,13556,2021-07-23,2092,13556
192,COM7,711,6984,2021-07-23,711,6984
198,CPALL,50,5151,2021-07-23,50,5151
204,CPF,214,38030,2021-07-23,214,38030
210,CPN,22,1997,2021-07-23,22,1997
216,CRC,102,1386,2021-07-23,102,1386
222,DELTA,15,477,2021-07-23,15,477
228,DTAC,1008,6097,2021-07-23,1008,6097
234,EA,741,5207,2021-07-23,741,5207
240,EASTW,0,10901,2021-07-23,0,10901
246,EGCO,47,2295,2021-07-23,47,2295
252,EPG,500,15268,2021-07-23,500,15268
258,ERW,0,6033,2021-07-23,0,6033
264,ESSO,0,8101,2021-07-23,0,8101
270,GFPT,866,11479,2021-07-23,866,11479
276,GLOBAL,100,7193,2021-07-23,100,7193
282,GPSC,50,6124,2021-07-23,50,6124
288,GULF,1,4263,2021-07-23,1,4263
294,GUNKUL,22302,172647,2021-07-23,22302,172647
300,HANA,18,1999,2021-07-23,18,1999
306,HMPRO,0,6911,2021-07-23,0,6911
312,ICHI,18,17575,2021-07-23,18,17575
318,INTUCH,0,337,2021-07-23,0,337
324,IRPC,3069,90570,2021-07-23,3069,90570
330,ITD,21,34252,2021-07-23,21,34252
336,IVL,406,8085,2021-07-23,406,8085
342,JAS,1770,66936,2021-07-23,1770,66936
348,JMT,0,3048,2021-07-23,0,3048
354,KBANK,159,12767,2021-07-23,159,12767
360,KCE,228,4616,2021-07-23,228,4616
366,KEX,330,1139,2021-07-23,330,1139
372,KKP,131,1661,2021-07-23,131,1661
378,KTB,378,22079,2021-07-23,378,22079
384,KTC,1,47753,2021-07-23,1,47753
390,LH,3,7121,2021-07-23,3,7121
396,LPN,2,9754,2021-07-23,2,9754
402,M,520,2990,2021-07-23,520,2990
408,MAJOR,0,7467,2021-07-23,0,7467
414,MBK,0,6178,2021-07-23,0,6178
420,MEGA,2,242,2021-07-23,2,242
426,MINT,707,5901,2021-07-23,707,5901
432,MTC,85,4339,2021-07-23,85,4339
438,OR,7900,7134,2021-07-23,7900,7134
444,ORI,500,23068,2021-07-23,500,23068
450,OSP,5,3791,2021-07-23,5,3791
456,PLANB,0,18078,2021-07-23,0,18078
462,PRM,0,32103,2021-07-23,0,32103
468,PSH,15,1476,2021-07-23,15,1476
474,PSL,4798,10056,2021-07-23,4798,10056
480,PTG,105,14744,2021-07-23,105,14744
486,PTT,13,13800,2021-07-23,13,13800
492,PTTEP,105,1577,2021-07-23,105,1577
498,PTTGC,206,14078,2021-07-23,206,14078
504,QH,0,22957,2021-07-23,0,22957
510,RATCH,5,3875,2021-07-23,5,3875
516,RS,0,87108,2021-07-23,0,87108
522,S,0,36210,2021-07-23,0,36210
528,SAMART,0,8805,2021-07-23,0,8805
534,SAWAD,40,7701,2021-07-23,40,7701
540,SCB,209,2052,2021-07-23,209,2052
546,SCC,201,3559,2021-07-23,201,3559
552,SCGP,300,10850,2021-07-23,300,10850
558,SGP,0,3061,2021-07-23,0,3061
564,SIRI,91,172141,2021-07-23,91,172141
570,SPALI,824,1227,2021-07-23,824,1227
576,SPCG,1,8339,2021-07-23,1,8339
582,SPRC,0,7093,2021-07-23,0,7093
588,STA,706,14701,2021-07-23,706,14701
594,STEC,9,15228,2021-07-23,9,15228
600,STGT,204,8017,2021-07-23,204,8017
606,STPI,0,19190,2021-07-23,0,19190
612,SUPER,2,243005,2021-07-23,2,243005
618,TASCO,2,7828,2021-07-23,2,7828
624,TCAP,0,1282,2021-07-23,0,1282
630,THAI,0,18,2021-07-23,0,18
636,THANI,0,5552,2021-07-23,0,5552
642,THCOM,12,15172,2021-07-23,12,15172
648,THG,0,225,2021-07-23,0,225
654,TISCO,0,992,2021-07-23,0,992
660,TKN,0,10061,2021-07-23,0,10061
666,TOA,201,1128,2021-07-23,201,1128
672,TOP,26,5615,2021-07-23,26,5615
678,TPIPL,2,29404,2021-07-23,2,29404
684,TPIPP,1,7160,2021-07-23,1,7160
690,TQM,0,837,2021-07-23,0,837
696,TRUE,0,44024,2021-07-23,0,44024
702,TTA,682,23055,2021-07-23,682,23055
708,TTB,3321,256346,2021-07-23,3321,256346
714,TTCL,0,3536,2021-07-23,0,3536
720,TTW,0,4604,2021-07-23,0,4604
726,TU,1009,5665,2021-07-23,1009,5665
732,TVO,0,758,2021-07-23,0,758
738,UNIQ,0,10156,2021-07-23,0,10156
744,VGI,0,22833,2021-07-23,0,22833
750,VNG,1,2915,2021-07-23,1,2915
756,VNT,0,1921,2021-07-23,0,1921
762,WHA,9,41214,2021-07-23,9,41214
768,WHAUP,0,2154,2021-07-23,0,2154
769,Single Stock,84169,2698570,2021-07-23,84169,2698570
6,AAV,106,9861,2021-07-27,106,9861
12,ADVANC,612,6188,2021-07-27,612,6188
18,AEONTS,89,678,2021-07-27,89,678
24,AMATA,635,4431,2021-07-27,635,4431
30,AOT,608,3116,2021-07-27,608,3116
36,AP,2804,21182,2021-07-27,2804,21182
42,AWC,1005,10836,2021-07-27,1005,10836
48,BA,8,3386,2021-07-27,8,3386
54,BAM,450,8268,2021-07-27,450,8268
60,BANPU,44,43223,2021-07-27,44,43223
66,BAY,4,1554,2021-07-27,4,1554
72,BBL,234,9630,2021-07-27,234,9630
78,BCH,917,9953,2021-07-27,917,9953
84,BCP,3,4167,2021-07-27,3,4167
90,BCPG,2317,10266,2021-07-27,2317,10266
96,BDMS,516,10975,2021-07-27,516,10975
102,BEAUTY,506,68591,2021-07-27,506,68591
108,BEC,2553,28255,2021-07-27,2553,28255
114,BEM,557,36996,2021-07-27,557,36996
120,BGRIM,231,13431,2021-07-27,231,13431
126,BH,3,981,2021-07-27,3,981
132,BJC,39,5083,2021-07-27,39,5083
138,BLA,100,1366,2021-07-27,100,1366
144,BLAND,1560,259313,2021-07-27,1560,259313
150,BPP,200,5906,2021-07-27,200,5906
156,BTS,19,40776,2021-07-27,19,40776
162,CBG,689,15618,2021-07-27,689,15618
168,CENTEL,335,2073,2021-07-27,335,2073
174,CHG,639,39695,2021-07-27,639,39695
180,CK,262,9077,2021-07-27,262,9077
186,CKP,2736,14077,2021-07-27,2736,14077
192,COM7,305,7670,2021-07-27,305,7670
198,CPALL,140,5093,2021-07-27,140,5093
204,CPF,640,38022,2021-07-27,640,38022
210,CPN,614,2418,2021-07-27,614,2418
216,CRC,107,1494,2021-07-27,107,1494
222,DELTA,69,479,2021-07-27,69,479
228,DTAC,877,5093,2021-07-27,877,5093
234,EA,3297,5228,2021-07-27,3297,5228
240,EASTW,0,10901,2021-07-27,0,10901
246,EGCO,49,2271,2021-07-27,49,2271
252,EPG,1010,16278,2021-07-27,1010,16278
258,ERW,1751,6033,2021-07-27,1751,6033
264,ESSO,0,8102,2021-07-27,0,8102
270,GFPT,1510,11677,2021-07-27,1510,11677
276,GLOBAL,304,7195,2021-07-27,304,7195
282,GPSC,834,6302,2021-07-27,834,6302
288,GULF,10,4263,2021-07-27,10,4263
294,GUNKUL,19782,172653,2021-07-27,19782,172653
300,HANA,133,2346,2021-07-27,133,2346
306,HMPRO,1527,6912,2021-07-27,1527,6912
312,ICHI,1003,17575,2021-07-27,1003,17575
318,INTUCH,2,277,2021-07-27,2,277
324,IRPC,3579,91555,2021-07-27,3579,91555
330,ITD,2438,34263,2021-07-27,2438,34263
336,IVL,860,7588,2021-07-27,860,7588
342,JAS,4790,62490,2021-07-27,4790,62490
348,JMT,354,2962,2021-07-27,354,2962
354,KBANK,1053,12832,2021-07-27,1053,12832
360,KCE,448,4527,2021-07-27,448,4527
366,KEX,435,847,2021-07-27,435,847
372,KKP,100,1791,2021-07-27,100,1791
378,KTB,2602,21757,2021-07-27,2602,21757
384,KTC,45,47855,2021-07-27,45,47855
390,LH,28,6624,2021-07-27,28,6624
396,LPN,5,9754,2021-07-27,5,9754
402,M,171,2750,2021-07-27,171,2750
408,MAJOR,501,7469,2021-07-27,501,7469
414,MBK,1,6181,2021-07-27,1,6181
420,MEGA,101,242,2021-07-27,101,242
426,MINT,910,6001,2021-07-27,910,6001
432,MTC,1065,3960,2021-07-27,1065,3960
438,OR,0,3334,2021-07-27,0,3334
444,ORI,504,22568,2021-07-27,504,22568
450,OSP,315,3790,2021-07-27,315,3790
456,PLANB,0,18089,2021-07-27,0,18089
462,PRM,11,32103,2021-07-27,11,32103
468,PSH,10,1490,2021-07-27,10,1490
474,PSL,1629,6966,2021-07-27,1629,6966
480,PTG,1523,14949,2021-07-27,1523,14949
486,PTT,205,13747,2021-07-27,205,13747
492,PTTEP,236,1623,2021-07-27,236,1623
498,PTTGC,908,13885,2021-07-27,908,13885
504,QH,500,23457,2021-07-27,500,23457
510,RATCH,103,3961,2021-07-27,103,3961
516,RS,2552,87538,2021-07-27,2552,87538
522,S,0,37210,2021-07-27,0,37210
528,SAMART,554,8863,2021-07-27,554,8863
534,SAWAD,296,7551,2021-07-27,296,7551
540,SCB,791,2151,2021-07-27,791,2151
546,SCC,217,3338,2021-07-27,217,3338
552,SCGP,1568,11450,2021-07-27,1568,11450
558,SGP,0,3061,2021-07-27,0,3061
564,SIRI,6974,172249,2021-07-27,6974,172249
570,SPALI,2682,404,2021-07-27,2682,404
576,SPCG,0,8340,2021-07-27,0,8340
582,SPRC,0,7093,2021-07-27,0,7093
588,STA,1515,15119,2021-07-27,1515,15119
594,STEC,287,15244,2021-07-27,287,15244
600,STGT,1150,7924,2021-07-27,1150,7924
606,STPI,500,19190,2021-07-27,500,19190
612,SUPER,1000,243002,2021-07-27,1000,243002
618,TASCO,300,7825,2021-07-27,300,7825
624,TCAP,0,1282,2021-07-27,0,1282
630,THAI,0,18,2021-07-27,0,18
636,THANI,1000,5552,2021-07-27,1000,5552
642,THCOM,20,15173,2021-07-27,20,15173
648,THG,300,225,2021-07-27,300,225
654,TISCO,25,992,2021-07-27,25,992
660,TKN,529,9569,2021-07-27,529,9569
666,TOA,112,1026,2021-07-27,112,1026
672,TOP,152,6060,2021-07-27,152,6060
678,TPIPL,0,29904,2021-07-27,0,29904
684,TPIPP,0,7161,2021-07-27,0,7161
690,TQM,61,836,2021-07-27,61,836
696,TRUE,576,44525,2021-07-27,576,44525
702,TTA,3137,21260,2021-07-27,3137,21260
708,TTB,6119,255200,2021-07-27,6119,255200
714,TTCL,0,3536,2021-07-27,0,3536
720,TTW,0,4613,2021-07-27,0,4613
726,TU,1939,6371,2021-07-27,1939,6371
732,TVO,402,758,2021-07-27,402,758
738,UNIQ,2,10156,2021-07-27,2,10156
744,VGI,1516,22834,2021-07-27,1516,22834
750,VNG,4049,2914,2021-07-27,4049,2914
756,VNT,0,1684,2021-07-27,0,1684
762,WHA,2019,41220,2021-07-27,2019,41220
768,WHAUP,1,2154,2021-07-27,1,2154
769,Single Stock,122520,2681219,2021-07-27,122520,2681219
6,AAV,63,9839,2021-07-29,63,9839
12,ADVANC,1309,6066,2021-07-29,1309,6066
18,AEONTS,156,716,2021-07-29,156,716
24,AMATA,13,4253,2021-07-29,13,4253
30,AOT,488,3151,2021-07-29,488,3151
36,AP,2508,23986,2021-07-29,2508,23986
42,AWC,7,11837,2021-07-29,7,11837
48,BA,5,3383,2021-07-29,5,3383
54,BAM,842,8518,2021-07-29,842,8518
60,BANPU,1056,43221,2021-07-29,1056,43221
66,BAY,100,1554,2021-07-29,100,1554
72,BBL,180,9530,2021-07-29,180,9530
78,BCH,1348,9250,2021-07-29,1348,9250
84,BCP,0,4167,2021-07-29,0,4167
90,BCPG,2123,10769,2021-07-29,2123,10769
96,BDMS,1024,11110,2021-07-29,1024,11110
102,BEAUTY,3508,69096,2021-07-29,3508,69096
108,BEC,2505,27789,2021-07-29,2505,27789
114,BEM,661,37537,2021-07-29,661,37537
120,BGRIM,426,13435,2021-07-29,426,13435
126,BH,0,982,2021-07-29,0,982
132,BJC,246,5091,2021-07-29,246,5091
138,BLA,0,1466,2021-07-29,0,1466
144,BLAND,1044,258267,2021-07-29,1044,258267
150,BPP,301,5706,2021-07-29,301,5706
156,BTS,216,40786,2021-07-29,216,40786
162,CBG,1000,15887,2021-07-29,1000,15887
168,CENTEL,100,2205,2021-07-29,100,2205
174,CHG,10258,39204,2021-07-29,10258,39204
180,CK,473,8976,2021-07-29,473,8976
186,CKP,1535,14782,2021-07-29,1535,14782
192,COM7,207,7969,2021-07-29,207,7969
198,CPALL,785,5128,2021-07-29,785,5128
204,CPF,343,38130,2021-07-29,343,38130
210,CPN,685,2208,2021-07-29,685,2208
216,CRC,1,1596,2021-07-29,1,1596
222,DELTA,16,458,2021-07-29,16,458
228,DTAC,8616,4388,2021-07-29,8616,4388
234,EA,733,5488,2021-07-29,733,5488
240,EASTW,0,10901,2021-07-29,0,10901
246,EGCO,452,2227,2021-07-29,452,2227
252,EPG,1005,15283,2021-07-29,1005,15283
258,ERW,0,5033,2021-07-29,0,5033
264,ESSO,0,8102,2021-07-29,0,8102
270,GFPT,909,11771,2021-07-29,909,11771
276,GLOBAL,914,7299,2021-07-29,914,7299
282,GPSC,671,6283,2021-07-29,671,6283
288,GULF,607,4265,2021-07-29,607,4265
294,GUNKUL,14498,173351,2021-07-29,14498,173351
300,HANA,654,2246,2021-07-29,654,2246
306,HMPRO,1317,7232,2021-07-29,1317,7232
312,ICHI,6,16576,2021-07-29,6,16576
318,INTUCH,261,276,2021-07-29,261,276
324,IRPC,3546,88087,2021-07-29,3546,88087
330,ITD,393,33627,2021-07-29,393,33627
336,IVL,23,7805,2021-07-29,23,7805
342,JAS,4957,61854,2021-07-29,4957,61854
348,JMT,429,3086,2021-07-29,429,3086
354,KBANK,460,12722,2021-07-29,460,12722
360,KCE,903,4672,2021-07-29,903,4672
366,KEX,204,955,2021-07-29,204,955
372,KKP,44,1771,2021-07-29,44,1771
378,KTB,664,21570,2021-07-29,664,21570
384,KTC,9,47875,2021-07-29,9,47875
390,LH,10,6649,2021-07-29,10,6649
396,LPN,5,9756,2021-07-29,5,9756
402,M,23,2880,2021-07-29,23,2880
408,MAJOR,108,7170,2021-07-29,108,7170
414,MBK,100,6181,2021-07-29,100,6181
420,MEGA,420,342,2021-07-29,420,342
426,MINT,325,6504,2021-07-29,325,6504
432,MTC,742,3259,2021-07-29,742,3259
438,OR,10,3334,2021-07-29,10,3334
444,ORI,514,23070,2021-07-29,514,23070
450,OSP,622,3491,2021-07-29,622,3491
456,PLANB,7,18089,2021-07-29,7,18089
462,PRM,4,32105,2021-07-29,4,32105
468,PSH,211,1498,2021-07-29,211,1498
474,PSL,952,5967,2021-07-29,952,5967
480,PTG,2761,14361,2021-07-29,2761,14361
486,PTT,19,13671,2021-07-29,19,13671
492,PTTEP,577,1587,2021-07-29,577,1587
498,PTTGC,317,13992,2021-07-29,317,13992
504,QH,500,22957,2021-07-29,500,22957
510,RATCH,26,3864,2021-07-29,26,3864
516,RS,200,88127,2021-07-29,200,88127
522,S,0,37210,2021-07-29,0,37210
528,SAMART,0,8412,2021-07-29,0,8412
534,SAWAD,664,7685,2021-07-29,664,7685
540,SCB,485,2436,2021-07-29,485,2436
546,SCC,22,3434,2021-07-29,22,3434
552,SCGP,1231,10790,2021-07-29,1231,10790
558,SGP,0,3061,2021-07-29,0,3061
564,SIRI,26387,172411,2021-07-29,26387,172411
570,SPALI,400,504,2021-07-29,400,504
576,SPCG,0,8340,2021-07-29,0,8340
582,SPRC,8,7093,2021-07-29,8,7093
588,STA,113,14415,2021-07-29,113,14415
594,STEC,58,15488,2021-07-29,58,15488
600,STGT,311,7855,2021-07-29,311,7855
606,STPI,2,19690,2021-07-29,2,19690
612,SUPER,1,243002,2021-07-29,1,243002
618,TASCO,218,7725,2021-07-29,218,7725
624,TCAP,0,1282,2021-07-29,0,1282
630,THAI,0,18,2021-07-29,0,18
636,THANI,1000,5552,2021-07-29,1000,5552
642,THCOM,31,15176,2021-07-29,31,15176
648,THG,1008,225,2021-07-29,1008,225
654,TISCO,32,1014,2021-07-29,32,1014
660,TKN,32,9084,2021-07-29,32,9084
666,TOA,103,930,2021-07-29,103,930
672,TOP,765,6147,2021-07-29,765,6147
678,TPIPL,0,29904,2021-07-29,0,29904
684,TPIPP,500,7161,2021-07-29,500,7161
690,TQM,0,775,2021-07-29,0,775
696,TRUE,3574,44002,2021-07-29,3574,44002
702,TTA,3693,20790,2021-07-29,3693,20790
708,TTB,37,249202,2021-07-29,37,249202
714,TTCL,0,3536,2021-07-29,0,3536
720,TTW,0,4613,2021-07-29,0,4613
726,TU,1207,6382,2021-07-29,1207,6382
732,TVO,202,359,2021-07-29,202,359
738,UNIQ,0,10154,2021-07-29,0,10154
744,VGI,1504,21336,2021-07-29,1504,21336
750,VNG,3616,5918,2021-07-29,3616,5918
756,VNT,217,1684,2021-07-29,217,1684
762,WHA,2877,40221,2021-07-29,2877,40221
768,WHAUP,601,2154,2021-07-29,601,2154
769,Single Stock,137159,2668817,2021-07-29,137159,2668817
6,AAV,184,9854,2021-07-30,184,9854
12,ADVANC,78,5955,2021-07-30,78,5955
18,AEONTS,23,831,2021-07-30,23,831
24,AMATA,200,4441,2021-07-30,200,4441
30,AOT,550,3115,2021-07-30,550,3115
36,AP,0,25991,2021-07-30,0,25991
42,AWC,5,11842,2021-07-30,5,11842
48,BA,0,3387,2021-07-30,0,3387
54,BAM,51,8115,2021-07-30,51,8115
60,BANPU,66,40710,2021-07-30,66,40710
66,BAY,0,1654,2021-07-30,0,1654
72,BBL,93,9456,2021-07-30,93,9456
78,BCH,214,9770,2021-07-30,214,9770
84,BCP,600,4067,2021-07-30,600,4067
90,BCPG,406,9589,2021-07-30,406,9589
96,BDMS,124,10915,2021-07-30,124,10915
102,BEAUTY,2000,66099,2021-07-30,2000,66099
108,BEC,513,29288,2021-07-30,513,29288
114,BEM,58,37099,2021-07-30,58,37099
120,BGRIM,338,13966,2021-07-30,338,13966
126,BH,16,982,2021-07-30,16,982
132,BJC,303,5052,2021-07-30,303,5052
138,BLA,0,1466,2021-07-30,0,1466
144,BLAND,610,257310,2021-07-30,610,257310
150,BPP,0,5607,2021-07-30,0,5607
156,BTS,53,40785,2021-07-30,53,40785
162,CBG,42,16095,2021-07-30,42,16095
168,CENTEL,301,2205,2021-07-30,301,2205
174,CHG,2664,39699,2021-07-30,2664,39699
180,CK,201,8939,2021-07-30,201,8939
186,CKP,49,14301,2021-07-30,49,14301
192,COM7,107,8170,2021-07-30,107,8170
198,CPALL,141,4991,2021-07-30,141,4991
204,CPF,9,37846,2021-07-30,9,37846
210,CPN,345,2694,2021-07-30,345,2694
216,CRC,100,1596,2021-07-30,100,1596
222,DELTA,41,487,2021-07-30,41,487
228,DTAC,2722,4853,2021-07-30,2722,4853
234,EA,201,5885,2021-07-30,201,5885
240,EASTW,0,10901,2021-07-30,0,10901
246,EGCO,61,2507,2021-07-30,61,2507
252,EPG,3061,15280,2021-07-30,3061,15280
258,ERW,0,5033,2021-07-30,0,5033
264,ESSO,2,8102,2021-07-30,2,8102
270,GFPT,816,12071,2021-07-30,816,12071
276,GLOBAL,100,7206,2021-07-30,100,7206
282,GPSC,717,6362,2021-07-30,717,6362
288,GULF,5,4872,2021-07-30,5,4872
294,GUNKUL,1289,167259,2021-07-30,1289,167259
300,HANA,109,2423,2021-07-30,109,2423
306,HMPRO,518,7748,2021-07-30,518,7748
312,ICHI,9,16072,2021-07-30,9,16072
318,INTUCH,1,537,2021-07-30,1,537
324,IRPC,2557,90607,2021-07-30,2557,90607
330,ITD,2662,33785,2021-07-30,2662,33785
336,IVL,132,7917,2021-07-30,132,7917
342,JAS,5352,65150,2021-07-30,5352,65150
348,JMT,5,3108,2021-07-30,5,3108
354,KBANK,452,12660,2021-07-30,452,12660
360,KCE,220,4956,2021-07-30,220,4956
366,KEX,524,1058,2021-07-30,524,1058
372,KKP,0,1749,2021-07-30,0,1749
378,KTB,833,21773,2021-07-30,833,21773
384,KTC,6,47871,2021-07-30,6,47871
390,LH,0,6656,2021-07-30,0,6656
396,LPN,2,9758,2021-07-30,2,9758
402,M,0,2901,2021-07-30,0,2901
408,MAJOR,5,7470,2021-07-30,5,7470
414,MBK,0,6081,2021-07-30,0,6081
420,MEGA,202,556,2021-07-30,202,556
426,MINT,332,6932,2021-07-30,332,6932
432,MTC,268,3150,2021-07-30,268,3150
438,OR,4,3343,2021-07-30,4,3343
444,ORI,2,22570,2021-07-30,2,22570
450,OSP,10,3909,2021-07-30,10,3909
456,PLANB,0,18096,2021-07-30,0,18096
462,PRM,1,32109,2021-07-30,1,32109
468,PSH,2,1209,2021-07-30,2,1209
474,PSL,1234,5979,2021-07-30,1234,5979
480,PTG,200,13997,2021-07-30,200,13997
486,PTT,19,13672,2021-07-30,19,13672
492,PTTEP,611,1888,2021-07-30,611,1888
498,PTTGC,63,13853,2021-07-30,63,13853
504,QH,40,23457,2021-07-30,40,23457
510,RATCH,5,3846,2021-07-30,5,3846
516,RS,200,88227,2021-07-30,200,88227
522,S,1000,37210,2021-07-30,1000,37210
528,SAMART,0,8401,2021-07-30,0,8401
534,SAWAD,95,7667,2021-07-30,95,7667
540,SCB,20,2052,2021-07-30,20,2052
546,SCC,400,3466,2021-07-30,400,3466
552,SCGP,633,11080,2021-07-30,633,11080
558,SGP,30,3061,2021-07-30,30,3061
564,SIRI,17155,171484,2021-07-30,17155,171484
570,SPALI,0,304,2021-07-30,0,304
576,SPCG,1,8340,2021-07-30,1,8340
582,SPRC,0,7101,2021-07-30,0,7101
588,STA,109,14526,2021-07-30,109,14526
594,STEC,114,15533,2021-07-30,114,15533
600,STGT,518,7966,2021-07-30,518,7966
606,STPI,0,19690,2021-07-30,0,19690
612,SUPER,3005,243002,2021-07-30,3005,243002
618,TASCO,0,7926,2021-07-30,0,7926
624,TCAP,0,1280,2021-07-30,0,1280
630,THAI,0,18,2021-07-30,0,18
636,THANI,500,5552,2021-07-30,500,5552
642,THCOM,1,15178,2021-07-30,1,15178
648,THG,13,733,2021-07-30,13,733
654,TISCO,40,984,2021-07-30,40,984
660,TKN,0,9060,2021-07-30,0,9060
666,TOA,0,1031,2021-07-30,0,1031
672,TOP,916,5716,2021-07-30,916,5716
678,TPIPL,7,29904,2021-07-30,7,29904
684,TPIPP,1,7661,2021-07-30,1,7661
690,TQM,100,770,2021-07-30,100,770
696,TRUE,428,45181,2021-07-30,428,45181
702,TTA,1702,23285,2021-07-30,1702,23285
708,TTB,289,249236,2021-07-30,289,249236
714,TTCL,0,3536,2021-07-30,0,3536
720,TTW,0,4613,2021-07-30,0,4613
726,TU,206,5472,2021-07-30,206,5472
732,TVO,0,561,2021-07-30,0,561
738,UNIQ,0,10154,2021-07-30,0,10154
744,VGI,0,21839,2021-07-30,0,21839
750,VNG,8,9493,2021-07-30,8,9493
756,VNT,0,1901,2021-07-30,0,1901
762,WHA,2067,41502,2021-07-30,2067,41502
768,WHAUP,0,1555,2021-07-30,0,1555
769,Single Stock,65397,2676797,2021-07-30,65397,2676797
6,AAV,165,10379,2021-08-02,165,10379
12,ADVANC,205,5819,2021-08-02,205,5819
18,AEONTS,3,830,2021-08-02,3,830
24,AMATA,100,4033,2021-08-02,100,4033
30,AOT,291,2692,2021-08-02,291,2692
36,AP,52,25992,2021-08-02,52,25992
42,AWC,49,9366,2021-08-02,49,9366
48,BA,9,3394,2021-08-02,9,3394
54,BAM,202,7176,2021-08-02,202,7176
60,BANPU,4,39296,2021-08-02,4,39296
66,BAY,0,1654,2021-08-02,0,1654
72,BBL,50,9352,2021-08-02,50,9352
78,BCH,929,9588,2021-08-02,929,9588
84,BCP,5,3668,2021-08-02,5,3668
90,BCPG,310,9175,2021-08-02,310,9175
96,BDMS,307,11299,2021-08-02,307,11299
102,BEAUTY,500,64063,2021-08-02,500,64063
108,BEC,1935,30284,2021-08-02,1935,30284
114,BEM,528,36675,2021-08-02,528,36675
120,BGRIM,74,14065,2021-08-02,74,14065
126,BH,4,968,2021-08-02,4,968
132,BJC,201,5155,2021-08-02,201,5155
138,BLA,0,1366,2021-08-02,0,1366
144,BLAND,2610,257768,2021-08-02,2610,257768
150,BPP,0,5210,2021-08-02,0,5210
156,BTS,85,41016,2021-08-02,85,41016
162,CBG,106,16054,2021-08-02,106,16054
168,CENTEL,6,2304,2021-08-02,6,2304
174,CHG,1605,42192,2021-08-02,1605,42192
180,CK,122,8444,2021-08-02,122,8444
186,CKP,1009,14293,2021-08-02,1009,14293
192,COM7,209,7978,2021-08-02,209,7978
198,CPALL,1279,4958,2021-08-02,1279,4958
204,CPF,114,37754,2021-08-02,114,37754
210,CPN,213,2648,2021-08-02,213,2648
216,CRC,0,1954,2021-08-02,0,1954
222,DELTA,22,500,2021-08-02,22,500
228,DTAC,244,3815,2021-08-02,244,3815
234,EA,110,6078,2021-08-02,110,6078
240,EASTW,0,10901,2021-08-02,0,10901
246,EGCO,42,2503,2021-08-02,42,2503
252,EPG,2503,11719,2021-08-02,2503,11719
258,ERW,1,5033,2021-08-02,1,5033
264,ESSO,0,7601,2021-08-02,0,7601
270,GFPT,1301,9576,2021-08-02,1301,9576
276,GLOBAL,704,7000,2021-08-02,704,7000
282,GPSC,237,6333,2021-08-02,237,6333
288,GULF,22,4983,2021-08-02,22,4983
294,GUNKUL,1585,149829,2021-08-02,1585,149829
300,HANA,143,2220,2021-08-02,143,2220
306,HMPRO,0,7429,2021-08-02,0,7429
312,ICHI,1,13540,2021-08-02,1,13540
318,INTUCH,0,537,2021-08-02,0,537
324,IRPC,1034,94583,2021-08-02,1034,94583
330,ITD,389,31268,2021-08-02,389,31268
336,IVL,1029,7927,2021-08-02,1029,7927
342,JAS,2669,61778,2021-08-02,2669,61778
348,JMT,202,2989,2021-08-02,202,2989
354,KBANK,335,12282,2021-08-02,335,12282
360,KCE,14,4858,2021-08-02,14,4858
366,KEX,6,957,2021-08-02,6,957
372,KKP,60,1769,2021-08-02,60,1769
378,KTB,732,21375,2021-08-02,732,21375
384,KTC,16,47768,2021-08-02,16,47768
390,LH,9,7668,2021-08-02,9,7668
396,LPN,15,10263,2021-08-02,15,10263
402,M,5,2611,2021-08-02,5,2611
408,MAJOR,500,7366,2021-08-02,500,7366
414,MBK,0,6081,2021-08-02,0,6081
420,MEGA,104,664,2021-08-02,104,664
426,MINT,402,6903,2021-08-02,402,6903
432,MTC,48,3074,2021-08-02,48,3074
438,OR,5,3658,2021-08-02,5,3658
444,ORI,500,22070,2021-08-02,500,22070
450,OSP,100,3903,2021-08-02,100,3903
456,PLANB,0,18596,2021-08-02,0,18596
462,PRM,11,32111,2021-08-02,11,32111
468,PSH,7,1222,2021-08-02,7,1222
474,PSL,1632,5561,2021-08-02,1632,5561
480,PTG,20,14271,2021-08-02,20,14271
486,PTT,214,13957,2021-08-02,214,13957
492,PTTEP,211,1698,2021-08-02,211,1698
498,PTTGC,270,13892,2021-08-02,270,13892
504,QH,502,23393,2021-08-02,502,23393
510,RATCH,87,3683,2021-08-02,87,3683
516,RS,203,88233,2021-08-02,203,88233
522,S,0,38210,2021-08-02,0,38210
528,SAMART,2,7829,2021-08-02,2,7829
534,SAWAD,66,7312,2021-08-02,66,7312
540,SCB,5,2033,2021-08-02,5,2033
546,SCC,68,3223,2021-08-02,68,3223
552,SCGP,304,12266,2021-08-02,304,12266
558,SGP,0,3031,2021-08-02,0,3031
564,SIRI,1159,161023,2021-08-02,1159,161023
570,SPALI,0,304,2021-08-02,0,304
576,SPCG,0,8340,2021-08-02,0,8340
582,SPRC,10,5602,2021-08-02,10,5602
588,STA,200,14126,2021-08-02,200,14126
594,STEC,138,15482,2021-08-02,138,15482
600,STGT,535,9062,2021-08-02,535,9062
606,STPI,0,19690,2021-08-02,0,19690
612,SUPER,7,242002,2021-08-02,7,242002
618,TASCO,119,7925,2021-08-02,119,7925
624,TCAP,0,1280,2021-08-02,0,1280
630,THAI,0,18,2021-08-02,0,18
636,THANI,0,4553,2021-08-02,0,4553
642,THCOM,518,15139,2021-08-02,518,15139
648,THG,6,742,2021-08-02,6,742
654,TISCO,40,983,2021-08-02,40,983
660,TKN,12,7940,2021-08-02,12,7940
666,TOA,0,831,2021-08-02,0,831
672,TOP,546,5858,2021-08-02,546,5858
678,TPIPL,500,29940,2021-08-02,500,29940
684,TPIPP,0,7660,2021-08-02,0,7660
690,TQM,20,672,2021-08-02,20,672
696,TRUE,2679,43523,2021-08-02,2679,43523
702,TTA,1259,21200,2021-08-02,1259,21200
708,TTB,4732,241462,2021-08-02,4732,241462
714,TTCL,0,3536,2021-08-02,0,3536
720,TTW,0,4613,2021-08-02,0,4613
726,TU,519,6051,2021-08-02,519,6051
732,TVO,0,561,2021-08-02,0,561
738,UNIQ,1,10154,2021-08-02,1,10154
744,VGI,2,21856,2021-08-02,2,21856
750,VNG,504,9437,2021-08-02,504,9437
756,VNT,0,1901,2021-08-02,0,1901
762,WHA,45,37568,2021-08-02,45,37568
768,WHAUP,30,2057,2021-08-02,30,2057
769,Single Stock,45553,2613886,2021-08-02,45553,2613886
6,AAV,652,10382,2021-08-03,652,10382
12,ADVANC,1572,5818,2021-08-03,1572,5818
18,AEONTS,124,791,2021-08-03,124,791
24,AMATA,205,4143,2021-08-03,205,4143
30,AOT,465,2586,2021-08-03,465,2586
36,AP,600,26050,2021-08-03,600,26050
42,AWC,15,9410,2021-08-03,15,9410
48,BA,4413,3397,2021-08-03,4413,3397
54,BAM,2646,7695,2021-08-03,2646,7695
60,BANPU,3086,39283,2021-08-03,3086,39283
66,BAY,103,1654,2021-08-03,103,1654
72,BBL,183,9420,2021-08-03,183,9420
78,BCH,9135,9719,2021-08-03,9135,9719
84,BCP,110,3670,2021-08-03,110,3670
90,BCPG,1239,9299,2021-08-03,1239,9299
96,BDMS,706,11216,2021-08-03,706,11216
102,BEAUTY,1035,62068,2021-08-03,1035,62068
108,BEC,10507,29072,2021-08-03,10507,29072
114,BEM,1025,37200,2021-08-03,1025,37200
120,BGRIM,886,14026,2021-08-03,886,14026
126,BH,27,969,2021-08-03,27,969
132,BJC,1,5255,2021-08-03,1,5255
138,BLA,205,1366,2021-08-03,205,1366
144,BLAND,1047,259738,2021-08-03,1047,259738
150,BPP,115,5211,2021-08-03,115,5211
156,BTS,912,41012,2021-08-03,912,41012
162,CBG,320,15993,2021-08-03,320,15993
168,CENTEL,204,2306,2021-08-03,204,2306
174,CHG,3780,39282,2021-08-03,3780,39282
180,CK,1020,8860,2021-08-03,1020,8860
186,CKP,2671,14847,2021-08-03,2671,14847
192,COM7,107,7892,2021-08-03,107,7892
198,CPALL,198,4618,2021-08-03,198,4618
204,CPF,148,37650,2021-08-03,148,37650
210,CPN,388,2674,2021-08-03,388,2674
216,CRC,210,1958,2021-08-03,210,1958
222,DELTA,25,502,2021-08-03,25,502
228,DTAC,520,4019,2021-08-03,520,4019
234,EA,264,5817,2021-08-03,264,5817
240,EASTW,0,11401,2021-08-03,0,11401
246,EGCO,162,2463,2021-08-03,162,2463
252,EPG,3,8720,2021-08-03,3,8720
258,ERW,0,4534,2021-08-03,0,4534
264,ESSO,2,7601,2021-08-03,2,7601
270,GFPT,904,10377,2021-08-03,904,10377
276,GLOBAL,803,7023,2021-08-03,803,7023
282,GPSC,769,6092,2021-08-03,769,6092
288,GULF,0,5352,2021-08-03,0,5352
294,GUNKUL,6737,147859,2021-08-03,6737,147859
300,HANA,506,2285,2021-08-03,506,2285
306,HMPRO,702,7230,2021-08-03,702,7230
312,ICHI,3,13559,2021-08-03,3,13559
318,INTUCH,313,537,2021-08-03,313,537
324,IRPC,5842,95605,2021-08-03,5842,95605
330,ITD,1707,32216,2021-08-03,1707,32216
336,IVL,652,7840,2021-08-03,652,7840
342,JAS,1087,60326,2021-08-03,1087,60326
348,JMT,108,3189,2021-08-03,108,3189
354,KBANK,1408,12410,2021-08-03,1408,12410
360,KCE,6,4837,2021-08-03,6,4837
366,KEX,627,963,2021-08-03,627,963
372,KKP,43,1749,2021-08-03,43,1749
378,KTB,2536,20375,2021-08-03,2536,20375
384,KTC,1006,47575,2021-08-03,1006,47575
390,LH,10,7685,2021-08-03,10,7685
396,LPN,24,10274,2021-08-03,24,10274
402,M,22,2636,2021-08-03,22,2636
408,MAJOR,204,7672,2021-08-03,204,7672
414,MBK,0,6081,2021-08-03,0,6081
420,MEGA,1126,764,2021-08-03,1126,764
426,MINT,1034,7100,2021-08-03,1034,7100
432,MTC,744,3091,2021-08-03,744,3091
438,OR,1,3655,2021-08-03,1,3655
444,ORI,3,23070,2021-08-03,3,23070
450,OSP,100,4303,2021-08-03,100,4303
456,PLANB,0,18097,2021-08-03,0,18097
462,PRM,57,32115,2021-08-03,57,32115
468,PSH,8,1235,2021-08-03,8,1235
474,PSL,331,3620,2021-08-03,331,3620
480,PTG,2353,14364,2021-08-03,2353,14364
486,PTT,748,14767,2021-08-03,748,14767
492,PTTEP,168,1509,2021-08-03,168,1509
498,PTTGC,643,13621,2021-08-03,643,13621
504,QH,505,22407,2021-08-03,505,22407
510,RATCH,25,3617,2021-08-03,25,3617
516,RS,103,88032,2021-08-03,103,88032
522,S,0,38210,2021-08-03,0,38210
528,SAMART,2,7835,2021-08-03,2,7835
534,SAWAD,487,7083,2021-08-03,487,7083
540,SCB,479,2037,2021-08-03,479,2037
546,SCC,214,3250,2021-08-03,214,3250
552,SCGP,1122,12666,2021-08-03,1122,12666
558,SGP,0,3031,2021-08-03,0,3031
564,SIRI,6303,166133,2021-08-03,6303,166133
570,SPALI,1,304,2021-08-03,1,304
576,SPCG,203,8340,2021-08-03,203,8340
582,SPRC,1,5602,2021-08-03,1,5602
588,STA,2468,14225,2021-08-03,2468,14225
594,STEC,637,16177,2021-08-03,637,16177
600,STGT,1535,9045,2021-08-03,1535,9045
606,STPI,0,19690,2021-08-03,0,19690
612,SUPER,9601,241002,2021-08-03,9601,241002
618,TASCO,114,7985,2021-08-03,114,7985
624,TCAP,0,1280,2021-08-03,0,1280
630,THAI,0,18,2021-08-03,0,18
636,THANI,2500,3531,2021-08-03,2500,3531
642,THCOM,1018,15133,2021-08-03,1018,15133
648,THG,100,749,2021-08-03,100,749
654,TISCO,43,943,2021-08-03,43,943
660,TKN,549,7978,2021-08-03,549,7978
666,TOA,102,631,2021-08-03,102,631
672,TOP,864,5382,2021-08-03,864,5382
678,TPIPL,503,30440,2021-08-03,503,30440
684,TPIPP,5,7660,2021-08-03,5,7660
690,TQM,105,652,2021-08-03,105,652
696,TRUE,2106,44697,2021-08-03,2106,44697
702,TTA,1744,23815,2021-08-03,1744,23815
708,TTB,28475,238363,2021-08-03,28475,238363
714,TTCL,0,3536,2021-08-03,0,3536
720,TTW,0,4613,2021-08-03,0,4613
726,TU,619,6660,2021-08-03,619,6660
732,TVO,0,561,2021-08-03,0,561
738,UNIQ,14,10656,2021-08-03,14,10656
744,VGI,1009,21860,2021-08-03,1009,21860
750,VNG,10,9942,2021-08-03,10,9942
756,VNT,0,1901,2021-08-03,0,1901
762,WHA,1042,38062,2021-08-03,1042,38062
768,WHAUP,0,2097,2021-08-03,0,2097
769,Single Stock,148979,2612476,2021-08-03,148979,2612476
6,AAV,2057,10858,2021-08-04,2057,10858
12,ADVANC,294,5384,2021-08-04,294,5384
18,AEONTS,43,712,2021-08-04,43,712
24,AMATA,3,4343,2021-08-04,3,4343
30,AOT,184,2834,2021-08-04,184,2834
36,AP,5,25650,2021-08-04,5,25650
42,AWC,1520,9410,2021-08-04,1520,9410
48,BA,13,1204,2021-08-04,13,1204
54,BAM,2094,9290,2021-08-04,2094,9290
60,BANPU,1245,39953,2021-08-04,1245,39953
66,BAY,25,1555,2021-08-04,25,1555
72,BBL,139,9475,2021-08-04,139,9475
78,BCH,3784,15393,2021-08-04,3784,15393
84,BCP,108,3775,2021-08-04,108,3775
90,BCPG,910,8734,2021-08-04,910,8734
96,BDMS,1718,11017,2021-08-04,1718,11017
102,BEAUTY,22,61100,2021-08-04,22,61100
108,BEC,1014,38575,2021-08-04,1014,38575
114,BEM,10,36702,2021-08-04,10,36702
120,BGRIM,1084,14366,2021-08-04,1084,14366
126,BH,59,994,2021-08-04,59,994
132,BJC,101,5254,2021-08-04,101,5254
138,BLA,633,1570,2021-08-04,633,1570
144,BLAND,9,259713,2021-08-04,9,259713
150,BPP,903,5325,2021-08-04,903,5325
156,BTS,1114,41710,2021-08-04,1114,41710
162,CBG,987,15952,2021-08-04,987,15952
168,CENTEL,211,2507,2021-08-04,211,2507
174,CHG,1650,40277,2021-08-04,1650,40277
180,CK,1472,8912,2021-08-04,1472,8912
186,CKP,1222,14423,2021-08-04,1222,14423
192,COM7,18,7789,2021-08-04,18,7789
198,CPALL,134,4528,2021-08-04,134,4528
204,CPF,122,37752,2021-08-04,122,37752
210,CPN,1037,2716,2021-08-04,1037,2716
216,CRC,500,2157,2021-08-04,500,2157
222,DELTA,50,501,2021-08-04,50,501
228,DTAC,454,4333,2021-08-04,454,4333
234,EA,340,5576,2021-08-04,340,5576
240,EASTW,0,11401,2021-08-04,0,11401
246,EGCO,402,2464,2021-08-04,402,2464
252,EPG,527,8722,2021-08-04,527,8722
258,ERW,500,4534,2021-08-04,500,4534
264,ESSO,22,7602,2021-08-04,22,7602
270,GFPT,3085,10078,2021-08-04,3085,10078
276,GLOBAL,1231,7622,2021-08-04,1231,7622
282,GPSC,1780,6221,2021-08-04,1780,6221
288,GULF,2878,5352,2021-08-04,2878,5352
294,GUNKUL,12382,153356,2021-08-04,12382,153356
300,HANA,100,2384,2021-08-04,100,2384
306,HMPRO,1020,7530,2021-08-04,1020,7530
312,ICHI,0,13557,2021-08-04,0,13557
318,INTUCH,164,334,2021-08-04,164,334
324,IRPC,590,92073,2021-08-04,590,92073
330,ITD,217,30826,2021-08-04,217,30826
336,IVL,644,7935,2021-08-04,644,7935
342,JAS,526,60354,2021-08-04,526,60354
348,JMT,652,3084,2021-08-04,652,3084
354,KBANK,642,13141,2021-08-04,642,13141
360,KCE,213,4837,2021-08-04,213,4837
366,KEX,204,1568,2021-08-04,204,1568
372,KKP,200,1792,2021-08-04,200,1792
378,KTB,240,19259,2021-08-04,240,19259
384,KTC,1016,48074,2021-08-04,1016,48074
390,LH,1006,7686,2021-08-04,1006,7686
396,LPN,4,10287,2021-08-04,4,10287
402,M,43,2657,2021-08-04,43,2657
408,MAJOR,204,7870,2021-08-04,204,7870
414,MBK,0,6081,2021-08-04,0,6081
420,MEGA,102,1261,2021-08-04,102,1261
426,MINT,21,6470,2021-08-04,21,6470
432,MTC,817,3553,2021-08-04,817,3553
438,OR,102,3654,2021-08-04,102,3654
444,ORI,12,23070,2021-08-04,12,23070
450,OSP,7,4403,2021-08-04,7,4403
456,PLANB,0,18097,2021-08-04,0,18097
462,PRM,15,32121,2021-08-04,15,32121
468,PSH,0,1243,2021-08-04,0,1243
474,PSL,185,3628,2021-08-04,185,3628
480,PTG,1847,15065,2021-08-04,1847,15065
486,PTT,445,15074,2021-08-04,445,15074
492,PTTEP,153,1528,2021-08-04,153,1528
498,PTTGC,229,13857,2021-08-04,229,13857
504,QH,1912,21911,2021-08-04,1912,21911
510,RATCH,145,3640,2021-08-04,145,3640
516,RS,502,87933,2021-08-04,502,87933
522,S,0,38210,2021-08-04,0,38210
528,SAMART,1,7833,2021-08-04,1,7833
534,SAWAD,1065,7357,2021-08-04,1065,7357
540,SCB,278,1953,2021-08-04,278,1953
546,SCC,75,3099,2021-08-04,75,3099
552,SCGP,3410,13653,2021-08-04,3410,13653
558,SGP,650,3031,2021-08-04,650,3031
564,SIRI,36209,172141,2021-08-04,36209,172141
570,SPALI,0,304,2021-08-04,0,304
576,SPCG,207,8542,2021-08-04,207,8542
582,SPRC,500,5603,2021-08-04,500,5603
588,STA,1220,13922,2021-08-04,1220,13922
594,STEC,204,16585,2021-08-04,204,16585
600,STGT,2141,9960,2021-08-04,2141,9960
606,STPI,0,19690,2021-08-04,0,19690
612,SUPER,6016,248602,2021-08-04,6016,248602
618,TASCO,201,8074,2021-08-04,201,8074
624,TCAP,0,1280,2021-08-04,0,1280
630,THAI,0,18,2021-08-04,0,18
636,THANI,507,3031,2021-08-04,507,3031
642,THCOM,33,15140,2021-08-04,33,15140
648,THG,181,649,2021-08-04,181,649
654,TISCO,24,905,2021-08-04,24,905
660,TKN,501,7483,2021-08-04,501,7483
666,TOA,3,733,2021-08-04,3,733
672,TOP,554,4712,2021-08-04,554,4712
678,TPIPL,509,29942,2021-08-04,509,29942
684,TPIPP,500,7662,2021-08-04,500,7662
690,TQM,61,628,2021-08-04,61,628
696,TRUE,726,45810,2021-08-04,726,45810
702,TTA,522,24861,2021-08-04,522,24861
708,TTB,1549,248248,2021-08-04,1549,248248
714,TTCL,0,3536,2021-08-04,0,3536
720,TTW,200,4613,2021-08-04,200,4613
726,TU,1330,6673,2021-08-04,1330,6673
732,TVO,0,561,2021-08-04,0,561
738,UNIQ,2,10642,2021-08-04,2,10642
744,VGI,2,22868,2021-08-04,2,22868
750,VNG,15,9940,2021-08-04,15,9940
756,VNT,155,1901,2021-08-04,155,1901
762,WHA,1021,38079,2021-08-04,1021,38079
768,WHAUP,530,2097,2021-08-04,530,2097
769,Single Stock,125376,2658079,2021-08-04,125376,2658079
6,AAV,101,9862,2021-08-05,101,9862
12,ADVANC,1,5280,2021-08-05,1,5280
18,AEONTS,2,752,2021-08-05,2,752
24,AMATA,0,4343,2021-08-05,0,4343
30,AOT,36,2878,2021-08-05,36,2878
36,AP,1,25655,2021-08-05,1,25655
42,AWC,100,8895,2021-08-05,100,8895
48,BA,2,1208,2021-08-05,2,1208
54,BAM,954,9693,2021-08-05,954,9693
60,BANPU,15,39167,2021-08-05,15,39167
66,BAY,0,1574,2021-08-05,0,1574
72,BBL,1,9479,2021-08-05,1,9479
78,BCH,814,16017,2021-08-05,814,16017
84,BCP,0,3871,2021-08-05,0,3871
90,BCPG,870,9444,2021-08-05,870,9444
96,BDMS,2,10520,2021-08-05,2,10520
102,BEAUTY,500,61120,2021-08-05,500,61120
108,BEC,2,39584,2021-08-05,2,39584
114,BEM,0,36711,2021-08-05,0,36711
120,BGRIM,501,14339,2021-08-05,501,14339
126,BH,0,1044,2021-08-05,0,1044
132,BJC,101,5354,2021-08-05,101,5354
138,BLA,0,1589,2021-08-05,0,1589
144,BLAND,13,259721,2021-08-05,13,259721
150,BPP,100,5428,2021-08-05,100,5428
156,BTS,0,42810,2021-08-05,0,42810
162,CBG,184,16749,2021-08-05,184,16749
168,CENTEL,0,2718,2021-08-05,0,2718
174,CHG,1683,41300,2021-08-05,1683,41300
180,CK,0,8812,2021-08-05,0,8812
186,CKP,8,14532,2021-08-05,8,14532
192,COM7,10,7791,2021-08-05,10,7791
198,CPALL,0,4564,2021-08-05,0,4564
204,CPF,2,37654,2021-08-05,2,37654
210,CPN,1,2826,2021-08-05,1,2826
216,CRC,0,1657,2021-08-05,0,1657
222,DELTA,7,504,2021-08-05,7,504
228,DTAC,72,4520,2021-08-05,72,4520
234,EA,10,5684,2021-08-05,10,5684
240,EASTW,0,11401,2021-08-05,0,11401
246,EGCO,25,2326,2021-08-05,25,2326
252,EPG,12,9247,2021-08-05,12,9247
258,ERW,0,4534,2021-08-05,0,4534
264,ESSO,0,7605,2021-08-05,0,7605
270,GFPT,0,10155,2021-08-05,0,10155
276,GLOBAL,1201,8146,2021-08-05,1201,8146
282,GPSC,757,5980,2021-08-05,757,5980
288,GULF,579,6085,2021-08-05,579,6085
294,GUNKUL,7068,155457,2021-08-05,7068,155457
300,HANA,610,2484,2021-08-05,610,2484
306,HMPRO,201,8047,2021-08-05,201,8047
312,ICHI,0,13557,2021-08-05,0,13557
318,INTUCH,20,175,2021-08-05,20,175
324,IRPC,1057,92600,2021-08-05,1057,92600
330,ITD,22,30903,2021-08-05,22,30903
336,IVL,209,7925,2021-08-05,209,7925
342,JAS,568,60856,2021-08-05,568,60856
348,JMT,0,3044,2021-08-05,0,3044
354,KBANK,29,13610,2021-08-05,29,13610
360,KCE,475,4937,2021-08-05,475,4937
366,KEX,7,1768,2021-08-05,7,1768
372,KKP,0,1732,2021-08-05,0,1732
378,KTB,123,19469,2021-08-05,123,19469
384,KTC,103,48581,2021-08-05,103,48581
390,LH,0,6688,2021-08-05,0,6688
396,LPN,2,10287,2021-08-05,2,10287
402,M,60,2677,2021-08-05,60,2677
408,MAJOR,100,8073,2021-08-05,100,8073
414,MBK,0,6081,2021-08-05,0,6081
420,MEGA,201,1161,2021-08-05,201,1161
426,MINT,2,6476,2021-08-05,2,6476
432,MTC,120,3563,2021-08-05,120,3563
438,OR,0,3552,2021-08-05,0,3552
444,ORI,500,23070,2021-08-05,500,23070
450,OSP,5,4409,2021-08-05,5,4409
456,PLANB,0,18097,2021-08-05,0,18097
462,PRM,2,32122,2021-08-05,2,32122
468,PSH,14,1243,2021-08-05,14,1243
474,PSL,1022,3677,2021-08-05,1022,3677
480,PTG,500,16088,2021-08-05,500,16088
486,PTT,553,15512,2021-08-05,553,15512
492,PTTEP,22,1463,2021-08-05,22,1463
498,PTTGC,106,13924,2021-08-05,106,13924
504,QH,510,21921,2021-08-05,510,21921
510,RATCH,0,3690,2021-08-05,0,3690
516,RS,3,88435,2021-08-05,3,88435
522,S,0,38210,2021-08-05,0,38210
528,SAMART,0,7834,2021-08-05,0,7834
534,SAWAD,105,7715,2021-08-05,105,7715
540,SCB,21,1829,2021-08-05,21,1829
546,SCC,43,3117,2021-08-05,43,3117
552,SCGP,1,14050,2021-08-05,1,14050
558,SGP,0,3681,2021-08-05,0,3681
564,SIRI,6002,184170,2021-08-05,6002,184170
570,SPALI,0,304,2021-08-05,0,304
576,SPCG,301,8348,2021-08-05,301,8348
582,SPRC,0,5103,2021-08-05,0,5103
588,STA,105,14815,2021-08-05,105,14815
594,STEC,2,16583,2021-08-05,2,16583
600,STGT,202,11393,2021-08-05,202,11393
606,STPI,0,19690,2021-08-05,0,19690
612,SUPER,0,254602,2021-08-05,0,254602
618,TASCO,19,8274,2021-08-05,19,8274
624,TCAP,0,1280,2021-08-05,0,1280
630,THAI,0,18,2021-08-05,0,18
636,THANI,0,2537,2021-08-05,0,2537
642,THCOM,5,15161,2021-08-05,5,15161
648,THG,205,703,2021-08-05,205,703
654,TISCO,0,925,2021-08-05,0,925
660,TKN,0,6983,2021-08-05,0,6983
666,TOA,0,733,2021-08-05,0,733
672,TOP,90,4235,2021-08-05,90,4235
678,TPIPL,0,29451,2021-08-05,0,29451
684,TPIPP,0,8162,2021-08-05,0,8162
690,TQM,0,607,2021-08-05,0,607
696,TRUE,1000,46346,2021-08-05,1000,46346
702,TTA,621,24365,2021-08-05,621,24365
708,TTB,5426,248284,2021-08-05,5426,248284
714,TTCL,0,3536,2021-08-05,0,3536
720,TTW,0,4813,2021-08-05,0,4813
726,TU,9,6380,2021-08-05,9,6380
732,TVO,200,561,2021-08-05,200,561
738,UNIQ,0,10640,2021-08-05,0,10640
744,VGI,1,22870,2021-08-05,1,22870
750,VNG,1,9945,2021-08-05,1,9945
756,VNT,0,1746,2021-08-05,0,1746
762,WHA,1,38090,2021-08-05,1,38090
768,WHAUP,1,2627,2021-08-05,1,2627
769,Single Stock,37242,2689198,2021-08-05,37242,2689198
6,AAV,704,9858,2021-08-06,704,9858
12,ADVANC,124,5431,2021-08-06,124,5431
18,AEONTS,6,755,2021-08-06,6,755
24,AMATA,141,4143,2021-08-06,141,4143
30,AOT,186,2787,2021-08-06,186,2787
36,AP,53,26663,2021-08-06,53,26663
42,AWC,559,9994,2021-08-06,559,9994
48,BA,14,1208,2021-08-06,14,1208
54,BAM,122,10047,2021-08-06,122,10047
60,BANPU,1653,40175,2021-08-06,1653,40175
66,BAY,0,1674,2021-08-06,0,1674
72,BBL,82,9480,2021-08-06,82,9480
78,BCH,1537,15969,2021-08-06,1537,15969
84,BCP,102,3874,2021-08-06,102,3874
90,BCPG,1073,9222,2021-08-06,1073,9222
96,BDMS,811,10420,2021-08-06,811,10420
102,BEAUTY,507,61120,2021-08-06,507,61120
108,BEC,5225,40576,2021-08-06,5225,40576
114,BEM,4280,36716,2021-08-06,4280,36716
120,BGRIM,316,14242,2021-08-06,316,14242
126,BH,29,1064,2021-08-06,29,1064
132,BJC,521,5153,2021-08-06,521,5153
138,BLA,0,1594,2021-08-06,0,1594
144,BLAND,134,259737,2021-08-06,134,259737
150,BPP,502,5632,2021-08-06,502,5632
156,BTS,358,42629,2021-08-06,358,42629
162,CBG,1249,16450,2021-08-06,1249,16450
168,CENTEL,425,2718,2021-08-06,425,2718
174,CHG,2427,42915,2021-08-06,2427,42915
180,CK,103,8806,2021-08-06,103,8806
186,CKP,1121,13531,2021-08-06,1121,13531
192,COM7,1968,7789,2021-08-06,1968,7789
198,CPALL,1279,4570,2021-08-06,1279,4570
204,CPF,60,37666,2021-08-06,60,37666
210,CPN,595,3529,2021-08-06,595,3529
216,CRC,405,1667,2021-08-06,405,1667
222,DELTA,394,462,2021-08-06,394,462
228,DTAC,1573,3886,2021-08-06,1573,3886
234,EA,234,5586,2021-08-06,234,5586
240,EASTW,500,11401,2021-08-06,500,11401
246,EGCO,186,2375,2021-08-06,186,2375
252,EPG,529,8247,2021-08-06,529,8247
258,ERW,0,5535,2021-08-06,0,5535
264,ESSO,0,8105,2021-08-06,0,8105
270,GFPT,1002,10717,2021-08-06,1002,10717
276,GLOBAL,505,6869,2021-08-06,505,6869
282,GPSC,858,6375,2021-08-06,858,6375
288,GULF,2446,5753,2021-08-06,2446,5753
294,GUNKUL,9116,156910,2021-08-06,9116,156910
300,HANA,115,2085,2021-08-06,115,2085
306,HMPRO,2335,7184,2021-08-06,2335,7184
312,ICHI,34,13555,2021-08-06,34,13555
318,INTUCH,3,175,2021-08-06,3,175
324,IRPC,4246,93200,2021-08-06,4246,93200
330,ITD,121,30911,2021-08-06,121,30911
336,IVL,1781,8987,2021-08-06,1781,8987
342,JAS,1411,61332,2021-08-06,1411,61332
348,JMT,856,3049,2021-08-06,856,3049
354,KBANK,535,13417,2021-08-06,535,13417
360,KCE,1083,4709,2021-08-06,1083,4709
366,KEX,311,1865,2021-08-06,311,1865
372,KKP,140,1752,2021-08-06,140,1752
378,KTB,1917,20368,2021-08-06,1917,20368
384,KTC,1315,48481,2021-08-06,1315,48481
390,LH,540,6688,2021-08-06,540,6688
396,LPN,1028,9997,2021-08-06,1028,9997
402,M,9,2697,2021-08-06,9,2697
408,MAJOR,712,7973,2021-08-06,712,7973
414,MBK,0,6085,2021-08-06,0,6085
420,MEGA,103,1363,2021-08-06,103,1363
426,MINT,1032,6181,2021-08-06,1032,6181
432,MTC,868,3490,2021-08-06,868,3490
438,OR,110,3452,2021-08-06,110,3452
444,ORI,0,23570,2021-08-06,0,23570
450,OSP,245,4405,2021-08-06,245,4405
456,PLANB,6,18111,2021-08-06,6,18111
462,PRM,11,32625,2021-08-06,11,32625
468,PSH,0,1264,2021-08-06,0,1264
474,PSL,2776,4572,2021-08-06,2776,4572
480,PTG,704,17426,2021-08-06,704,17426
486,PTT,440,15792,2021-08-06,440,15792
492,PTTEP,73,1528,2021-08-06,73,1528
498,PTTGC,307,14189,2021-08-06,307,14189
504,QH,2,23719,2021-08-06,2,23719
510,RATCH,24,3689,2021-08-06,24,3689
516,RS,117,86442,2021-08-06,117,86442
522,S,24,38710,2021-08-06,24,38710
528,SAMART,1,7337,2021-08-06,1,7337
534,SAWAD,508,7757,2021-08-06,508,7757
540,SCB,236,1913,2021-08-06,236,1913
546,SCC,154,2939,2021-08-06,154,2939
552,SCGP,1159,14247,2021-08-06,1159,14247
558,SGP,0,3681,2021-08-06,0,3681
564,SIRI,26253,153197,2021-08-06,26253,153197
570,SPALI,0,304,2021-08-06,0,304
576,SPCG,0,9045,2021-08-06,0,9045
582,SPRC,0,5109,2021-08-06,0,5109
588,STA,528,15213,2021-08-06,528,15213
594,STEC,615,16587,2021-08-06,615,16587
600,STGT,537,11596,2021-08-06,537,11596
606,STPI,0,19690,2021-08-06,0,19690
612,SUPER,2000,254541,2021-08-06,2000,254541
618,TASCO,200,8358,2021-08-06,200,8358
624,TCAP,0,1280,2021-08-06,0,1280
630,THAI,0,18,2021-08-06,0,18
636,THANI,500,2537,2021-08-06,500,2537
642,THCOM,527,15169,2021-08-06,527,15169
648,THG,100,609,2021-08-06,100,609
654,TISCO,30,945,2021-08-06,30,945
660,TKN,1,6983,2021-08-06,1,6983
666,TOA,123,936,2021-08-06,123,936
672,TOP,11,4364,2021-08-06,11,4364
678,TPIPL,20,29451,2021-08-06,20,29451
684,TPIPP,500,8162,2021-08-06,500,8162
690,TQM,41,607,2021-08-06,41,607
696,TRUE,5814,45801,2021-08-06,5814,45801
702,TTA,6207,23853,2021-08-06,6207,23853
708,TTB,1071,227619,2021-08-06,1071,227619
714,TTCL,0,3536,2021-08-06,0,3536
720,TTW,0,4913,2021-08-06,0,4913
726,TU,4049,6592,2021-08-06,4049,6592
732,TVO,0,461,2021-08-06,0,461
738,UNIQ,0,10640,2021-08-06,0,10640
744,VGI,750,23870,2021-08-06,750,23870
750,VNG,3,10446,2021-08-06,3,10446
756,VNT,300,1746,2021-08-06,300,1746
762,WHA,529,38105,2021-08-06,529,38105
768,WHAUP,0,2628,2021-08-06,0,2628
769,Single Stock,124115,2649848,2021-08-06,124115,2649848
6,AAV,2053,9353,2021-08-09,2053,9353
12,ADVANC,113,5534,2021-08-09,113,5534
18,AEONTS,2,773,2021-08-09,2,773
24,AMATA,0,4133,2021-08-09,0,4133
30,AOT,631,2676,2021-08-09,631,2676
36,AP,4,26714,2021-08-09,4,26714
42,AWC,1514,10505,2021-08-09,1514,10505
48,BA,0,1213,2021-08-09,0,1213
54,BAM,926,9955,2021-08-09,926,9955
60,BANPU,1599,40070,2021-08-09,1599,40070
66,BAY,0,1674,2021-08-09,0,1674
72,BBL,19,9461,2021-08-09,19,9461
78,BCH,3090,13260,2021-08-09,3090,13260
84,BCP,3,3975,2021-08-09,3,3975
90,BCPG,221,10172,2021-08-09,221,10172
96,BDMS,301,10418,2021-08-09,301,10418
102,BEAUTY,0,60616,2021-08-09,0,60616
108,BEC,6049,42579,2021-08-09,6049,42579
114,BEM,89,40728,2021-08-09,89,40728
120,BGRIM,57,14342,2021-08-09,57,14342
126,BH,8,1083,2021-08-09,8,1083
132,BJC,104,5666,2021-08-09,104,5666
138,BLA,603,1694,2021-08-09,603,1694
144,BLAND,500,259751,2021-08-09,500,259751
150,BPP,500,5232,2021-08-09,500,5232
156,BTS,351,42251,2021-08-09,351,42251
162,CBG,113,15637,2021-08-09,113,15637
168,CENTEL,377,2803,2021-08-09,377,2803
174,CHG,1337,41584,2021-08-09,1337,41584
180,CK,123,8752,2021-08-09,123,8752
186,CKP,3,13506,2021-08-09,3,13506
192,COM7,214,10240,2021-08-09,214,10240
198,CPALL,713,5671,2021-08-09,713,5671
204,CPF,6,37547,2021-08-09,6,37547
210,CPN,295,3820,2021-08-09,295,3820
216,CRC,37,2068,2021-08-09,37,2068
222,DELTA,108,475,2021-08-09,108,475
228,DTAC,9,2425,2021-08-09,9,2425
234,EA,3,5586,2021-08-09,3,5586
240,EASTW,0,10901,2021-08-09,0,10901
246,EGCO,250,2394,2021-08-09,250,2394
252,EPG,10,7730,2021-08-09,10,7730
258,ERW,1,5535,2021-08-09,1,5535
264,ESSO,2,8105,2021-08-09,2,8105
270,GFPT,562,11617,2021-08-09,562,11617
276,GLOBAL,107,6768,2021-08-09,107,6768
282,GPSC,768,7102,2021-08-09,768,7102
288,GULF,2046,6053,2021-08-09,2046,6053
294,GUNKUL,40,149698,2021-08-09,40,149698
300,HANA,10,2186,2021-08-09,10,2186
306,HMPRO,3,8703,2021-08-09,3,8703
312,ICHI,0,13555,2021-08-09,0,13555
318,INTUCH,1,177,2021-08-09,1,177
324,IRPC,1636,95275,2021-08-09,1636,95275
330,ITD,139,30860,2021-08-09,139,30860
336,IVL,320,9353,2021-08-09,320,9353
342,JAS,52,62496,2021-08-09,52,62496
348,JMT,0,2455,2021-08-09,0,2455
354,KBANK,415,13347,2021-08-09,415,13347
360,KCE,512,4839,2021-08-09,512,4839
366,KEX,0,1867,2021-08-09,0,1867
372,KKP,82,1772,2021-08-09,82,1772
378,KTB,338,20960,2021-08-09,338,20960
384,KTC,207,49680,2021-08-09,207,49680
390,LH,0,7148,2021-08-09,0,7148
396,LPN,20,10023,2021-08-09,20,10023
402,M,21,2697,2021-08-09,21,2697
408,MAJOR,100,7485,2021-08-09,100,7485
414,MBK,0,6085,2021-08-09,0,6085
420,MEGA,103,1261,2021-08-09,103,1261
426,MINT,406,6487,2021-08-09,406,6487
432,MTC,42,2886,2021-08-09,42,2886
438,OR,0,3347,2021-08-09,0,3347
444,ORI,0,23570,2021-08-09,0,23570
450,OSP,0,4648,2021-08-09,0,4648
456,PLANB,0,18117,2021-08-09,0,18117
462,PRM,1,32621,2021-08-09,1,32621
468,PSH,4,1264,2021-08-09,4,1264
474,PSL,2335,5066,2021-08-09,2335,5066
480,PTG,253,17927,2021-08-09,253,17927
486,PTT,231,16024,2021-08-09,231,16024
492,PTTEP,95,1524,2021-08-09,95,1524
498,PTTGC,123,14277,2021-08-09,123,14277
504,QH,0,23720,2021-08-09,0,23720
510,RATCH,1,3665,2021-08-09,1,3665
516,RS,105,88140,2021-08-09,105,88140
522,S,0,38686,2021-08-09,0,38686
528,SAMART,2,7340,2021-08-09,2,7340
534,SAWAD,522,7678,2021-08-09,522,7678
540,SCB,106,1828,2021-08-09,106,1828
546,SCC,65,2942,2021-08-09,65,2942
552,SCGP,2004,14963,2021-08-09,2004,14963
558,SGP,0,3681,2021-08-09,0,3681
564,SIRI,3048,157144,2021-08-09,3048,157144
570,SPALI,0,304,2021-08-09,0,304
576,SPCG,1,9047,2021-08-09,1,9047
582,SPRC,500,5109,2021-08-09,500,5109
588,STA,102,15234,2021-08-09,102,15234
594,STEC,114,16194,2021-08-09,114,16194
600,STGT,111,11655,2021-08-09,111,11655
606,STPI,0,19690,2021-08-09,0,19690
612,SUPER,2,255541,2021-08-09,2,255541
618,TASCO,206,8358,2021-08-09,206,8358
624,TCAP,100,1280,2021-08-09,100,1280
630,THAI,0,18,2021-08-09,0,18
636,THANI,0,3037,2021-08-09,0,3037
642,THCOM,2242,15654,2021-08-09,2242,15654
648,THG,0,509,2021-08-09,0,509
654,TISCO,60,915,2021-08-09,60,915
660,TKN,0,6982,2021-08-09,0,6982
666,TOA,100,1035,2021-08-09,100,1035
672,TOP,106,4375,2021-08-09,106,4375
678,TPIPL,0,29451,2021-08-09,0,29451
684,TPIPP,500,8662,2021-08-09,500,8662
690,TQM,0,588,2021-08-09,0,588
696,TRUE,25,44386,2021-08-09,25,44386
702,TTA,112,23349,2021-08-09,112,23349
708,TTB,1831,226598,2021-08-09,1831,226598
714,TTCL,0,3536,2021-08-09,0,3536
720,TTW,0,4913,2021-08-09,0,4913
726,TU,2338,10097,2021-08-09,2338,10097
732,TVO,0,461,2021-08-09,0,461
738,UNIQ,0,10640,2021-08-09,0,10640
744,VGI,758,24620,2021-08-09,758,24620
750,VNG,15,11293,2021-08-09,15,11293
756,VNT,100,2061,2021-08-09,100,2061
762,WHA,23,37624,2021-08-09,23,37624
768,WHAUP,0,2628,2021-08-09,0,2628
769,Single Stock,48509,2665458,2021-08-09,48509,2665458
6,AAV,57,7884,2021-08-11,114,7884
12,ADVANC,1053,5698,2021-08-11,2106,5698
18,AEONTS,2,798,2021-08-11,4,798
24,AMATA,300,4430,2021-08-11,600,4430
30,AOT,438,3055,2021-08-11,876,3055
36,AP,4,26659,2021-08-11,8,26659
42,AWC,1006,10036,2021-08-11,2012,10036
48,BA,0,1218,2021-08-11,0,1218
54,BAM,203,9814,2021-08-11,406,9814
60,BANPU,4537,44018,2021-08-11,9074,44018
66,BAY,0,1877,2021-08-11,0,1877
72,BBL,5,9520,2021-08-11,10,9520
78,BCH,1416,12115,2021-08-11,2832,12115
84,BCP,2,3992,2021-08-11,4,3992
90,BCPG,315,9918,2021-08-11,630,9918
96,BDMS,325,10719,2021-08-11,650,10719
102,BEAUTY,0,60617,2021-08-11,0,60617
108,BEC,16,48146,2021-08-11,32,48146
114,BEM,40,39801,2021-08-11,80,39801
120,BGRIM,870,14278,2021-08-11,1740,14278
126,BH,60,1112,2021-08-11,120,1112
132,BJC,12,5761,2021-08-11,24,5761
138,BLA,500,1896,2021-08-11,1000,1896
144,BLAND,1257,258329,2021-08-11,2514,258329
150,BPP,1121,8258,2021-08-11,2242,8258
156,BTS,308,42921,2021-08-11,616,42921
162,CBG,203,16125,2021-08-11,406,16125
168,CENTEL,200,3539,2021-08-11,400,3539
174,CHG,2617,40989,2021-08-11,5234,40989
180,CK,110,7944,2021-08-11,220,7944
186,CKP,1709,12451,2021-08-11,3418,12451
192,COM7,315,13185,2021-08-11,630,13185
198,CPALL,180,5229,2021-08-11,360,5229
204,CPF,256,37950,2021-08-11,512,37950
210,CPN,560,4261,2021-08-11,1120,4261
216,CRC,312,2385,2021-08-11,624,2385
222,DELTA,10,465,2021-08-11,20,465
228,DTAC,1138,3281,2021-08-11,2276,3281
234,EA,500,5574,2021-08-11,1000,5574
240,EASTW,0,10901,2021-08-11,0,10901
246,EGCO,1,2464,2021-08-11,2,2464
252,EPG,500,8225,2021-08-11,1000,8225
258,ERW,0,4538,2021-08-11,0,4538
264,ESSO,0,8124,2021-08-11,0,8124
270,GFPT,0,11390,2021-08-11,0,11390
276,GLOBAL,700,6768,2021-08-11,1400,6768
282,GPSC,224,7679,2021-08-11,448,7679
288,GULF,1523,7331,2021-08-11,3046,7331
294,GUNKUL,19572,149189,2021-08-11,39144,149189
300,HANA,19,2679,2021-08-11,38,2679
306,HMPRO,323,9836,2021-08-11,646,9836
312,ICHI,0,13572,2021-08-11,0,13572
318,INTUCH,296,330,2021-08-11,592,330
324,IRPC,4481,90491,2021-08-11,8962,90491
330,ITD,45,33105,2021-08-11,90,33105
336,IVL,679,9149,2021-08-11,1358,9149
342,JAS,2408,62762,2021-08-11,4816,62762
348,JMT,600,2555,2021-08-11,1200,2555
354,KBANK,516,13662,2021-08-11,1032,13662
360,KCE,649,4588,2021-08-11,1298,4588
366,KEX,1,2067,2021-08-11,2,2067
372,KKP,0,1670,2021-08-11,0,1670
378,KTB,20,20525,2021-08-11,40,20525
384,KTC,310,49579,2021-08-11,620,49579
390,LH,516,7142,2021-08-11,1032,7142
396,LPN,19,10066,2021-08-11,38,10066
402,M,222,2856,2021-08-11,444,2856
408,MAJOR,1018,7805,2021-08-11,2036,7805
414,MBK,0,6335,2021-08-11,0,6335
420,MEGA,4,1162,2021-08-11,8,1162
426,MINT,101,6786,2021-08-11,202,6786
432,MTC,969,3112,2021-08-11,1938,3112
438,OR,101,2847,2021-08-11,202,2847
444,ORI,1542,23570,2021-08-11,3084,23570
450,OSP,0,4648,2021-08-11,0,4648
456,PLANB,3500,20117,2021-08-11,7000,20117
462,PRM,555,33125,2021-08-11,1110,33125
468,PSH,47,1274,2021-08-11,94,1274
474,PSL,601,6593,2021-08-11,1202,6593
480,PTG,134,18669,2021-08-11,268,18669
486,PTT,676,17970,2021-08-11,1352,17970
492,PTTEP,16,1467,2021-08-11,32,1467
498,PTTGC,466,13382,2021-08-11,932,13382
504,QH,1500,23730,2021-08-11,3000,23730
510,RATCH,0,3683,2021-08-11,0,3683
516,RS,410,89049,2021-08-11,820,89049
522,S,0,38686,2021-08-11,0,38686
528,SAMART,4,7343,2021-08-11,8,7343
534,SAWAD,436,8264,2021-08-11,872,8264
540,SCB,134,1873,2021-08-11,268,1873
546,SCC,2,2875,2021-08-11,4,2875
552,SCGP,1102,5621,2021-08-11,2204,5621
558,SGP,42,4831,2021-08-11,84,4831
564,SIRI,19,159215,2021-08-11,38,159215
570,SPALI,700,404,2021-08-11,1400,404
576,SPCG,0,9049,2021-08-11,0,9049
582,SPRC,0,6109,2021-08-11,0,6109
588,STA,2629,15529,2021-08-11,5258,15529
594,STEC,705,17082,2021-08-11,1410,17082
600,STGT,738,11881,2021-08-11,1476,11881
606,STPI,0,19694,2021-08-11,0,19694
612,SUPER,11045,226629,2021-08-11,22090,226629
618,TASCO,201,8647,2021-08-11,402,8647
624,TCAP,0,1280,2021-08-11,0,1280
630,THAI,0,18,2021-08-11,0,18
636,THANI,0,4037,2021-08-11,0,4037
642,THCOM,1065,16370,2021-08-11,2130,16370
648,THG,4,509,2021-08-11,8,509
654,TISCO,40,955,2021-08-11,80,955
660,TKN,0,6993,2021-08-11,0,6993
666,TOA,0,1038,2021-08-11,0,1038
672,TOP,62,4355,2021-08-11,124,4355
678,TPIPL,503,29950,2021-08-11,1006,29950
684,TPIPP,0,9162,2021-08-11,0,9162
690,TQM,4,588,2021-08-11,8,588
696,TRUE,566,44465,2021-08-11,1132,44465
702,TTA,7,22876,2021-08-11,14,22876
708,TTB,1342,227948,2021-08-11,2684,227948
714,TTCL,0,3537,2021-08-11,0,3537
720,TTW,0,4913,2021-08-11,0,4913
726,TU,2316,8970,2021-08-11,4632,8970
732,TVO,0,361,2021-08-11,0,361
738,UNIQ,0,11150,2021-08-11,0,11150
744,VGI,0,22857,2021-08-11,0,22857
750,VNG,6,11488,2021-08-11,12,11488
756,VNT,0,1861,2021-08-11,0,1861
762,WHA,3,39875,2021-08-11,6,39875
768,WHAUP,30,2718,2021-08-11,60,2718
769,Single Stock,90926,2656821,2021-08-11,181852,2656821
6,AAV,43,7857,2021-08-13,86,7857
12,ADVANC,145,5120,2021-08-13,290,5120
18,AEONTS,5,799,2021-08-13,10,799
24,AMATA,102,4430,2021-08-13,204,4430
30,AOT,685,3083,2021-08-13,1370,3083
36,AP,1502,26673,2021-08-13,3004,26673
42,AWC,2,11025,2021-08-13,4,11025
48,BA,2,1218,2021-08-13,4,1218
54,BAM,3,9327,2021-08-13,6,9327
60,BANPU,1109,42127,2021-08-13,2218,42127
66,BAY,1,1477,2021-08-13,2,1477
72,BBL,51,9585,2021-08-13,102,9585
78,BCH,2339,11314,2021-08-13,4678,11314
84,BCP,200,4089,2021-08-13,400,4089
90,BCPG,227,10482,2021-08-13,454,10482
96,BDMS,801,10791,2021-08-13,1602,10791
102,BEAUTY,512,60617,2021-08-13,1024,60617
108,BEC,1538,49147,2021-08-13,3076,49147
114,BEM,1063,39870,2021-08-13,2126,39870
120,BGRIM,105,13509,2021-08-13,210,13509
126,BH,69,1047,2021-08-13,138,1047
132,BJC,108,5580,2021-08-13,216,5580
138,BLA,300,2694,2021-08-13,600,2694
144,BLAND,2,258859,2021-08-13,4,258859
150,BPP,205,8381,2021-08-13,410,8381
156,BTS,105,42925,2021-08-13,210,42925
162,CBG,264,16240,2021-08-13,528,16240
168,CENTEL,0,3639,2021-08-13,0,3639
174,CHG,3293,39535,2021-08-13,6586,39535
180,CK,648,8039,2021-08-13,1296,8039
186,CKP,1681,12428,2021-08-13,3362,12428
192,COM7,202,12795,2021-08-13,404,12795
198,CPALL,293,5568,2021-08-13,586,5568
204,CPF,229,38283,2021-08-13,458,38283
210,CPN,734,4150,2021-08-13,1468,4150
216,CRC,12,2697,2021-08-13,24,2697
222,DELTA,11,466,2021-08-13,22,466
228,DTAC,615,3082,2021-08-13,1230,3082
234,EA,0,6073,2021-08-13,0,6073
240,EASTW,0,10901,2021-08-13,0,10901
246,EGCO,111,2445,2021-08-13,222,2445
252,EPG,541,8710,2021-08-13,1082,8710
258,ERW,0,4538,2021-08-13,0,4538
264,ESSO,0,8124,2021-08-13,0,8124
270,GFPT,200,10401,2021-08-13,400,10401
276,GLOBAL,700,7168,2021-08-13,1400,7168
282,GPSC,323,7688,2021-08-13,646,7688
288,GULF,1642,7065,2021-08-13,3284,7065
294,GUNKUL,8211,157974,2021-08-13,16422,157974
300,HANA,210,2687,2021-08-13,420,2687
306,HMPRO,10,9593,2021-08-13,20,9593
312,ICHI,537,13572,2021-08-13,1074,13572
318,INTUCH,436,888,2021-08-13,872,888
324,IRPC,14960,89313,2021-08-13,29920,89313
330,ITD,130,33696,2021-08-13,260,33696
336,IVL,107,10153,2021-08-13,214,10153
342,JAS,657,58392,2021-08-13,1314,58392
348,JMT,202,3755,2021-08-13,404,3755
354,KBANK,976,13902,2021-08-13,1952,13902
360,KCE,1422,4494,2021-08-13,2844,4494
366,KEX,3,1869,2021-08-13,6,1869
372,KKP,0,1652,2021-08-13,0,1652
378,KTB,433,21317,2021-08-13,866,21317
384,KTC,10,49382,2021-08-13,20,49382
390,LH,520,7159,2021-08-13,1040,7159
396,LPN,22,10120,2021-08-13,44,10120
402,M,6,3042,2021-08-13,12,3042
408,MAJOR,100,7725,2021-08-13,200,7725
414,MBK,150,6335,2021-08-13,300,6335
420,MEGA,100,766,2021-08-13,200,766
426,MINT,107,6687,2021-08-13,214,6687
432,MTC,353,3671,2021-08-13,706,3671
438,OR,2,2949,2021-08-13,4,2949
444,ORI,15,24037,2021-08-13,30,24037
450,OSP,205,4548,2021-08-13,410,4548
456,PLANB,0,20617,2021-08-13,0,20617
462,PRM,32,32667,2021-08-13,64,32667
468,PSH,17,1321,2021-08-13,34,1321
474,PSL,2788,6661,2021-08-13,5576,6661
480,PTG,2523,18713,2021-08-13,5046,18713
486,PTT,282,19722,2021-08-13,564,19722
492,PTTEP,11,1540,2021-08-13,22,1540
498,PTTGC,302,13155,2021-08-13,604,13155
504,QH,2,25237,2021-08-13,4,25237
510,RATCH,20,3524,2021-08-13,40,3524
516,RS,21,89463,2021-08-13,42,89463
522,S,0,38686,2021-08-13,0,38686
528,SAMART,5,7341,2021-08-13,10,7341
534,SAWAD,166,8399,2021-08-13,332,8399
540,SCB,161,1959,2021-08-13,322,1959
546,SCC,26,2834,2021-08-13,52,2834
552,SCGP,1810,7523,2021-08-13,3620,7523
558,SGP,30,4873,2021-08-13,60,4873
564,SIRI,2075,158224,2021-08-13,4150,158224
570,SPALI,684,908,2021-08-13,1368,908
576,SPCG,120,9364,2021-08-13,240,9364
582,SPRC,13,6109,2021-08-13,26,6109
588,STA,2402,14762,2021-08-13,4804,14762
594,STEC,801,17580,2021-08-13,1602,17580
600,STGT,246,10866,2021-08-13,492,10866
606,STPI,0,19694,2021-08-13,0,19694
612,SUPER,1003,217639,2021-08-13,2006,217639
618,TASCO,822,8947,2021-08-13,1644,8947
624,TCAP,0,1280,2021-08-13,0,1280
630,THAI,0,18,2021-08-13,0,18
636,THANI,5,6187,2021-08-13,10,6187
642,THCOM,525,16405,2021-08-13,1050,16405
648,THG,1,505,2021-08-13,2,505
654,TISCO,0,935,2021-08-13,0,935
660,TKN,1,6993,2021-08-13,2,6993
666,TOA,0,1038,2021-08-13,0,1038
672,TOP,119,4130,2021-08-13,238,4130
678,TPIPL,0,30951,2021-08-13,0,30951
684,TPIPP,0,9162,2021-08-13,0,9162
690,TQM,60,590,2021-08-13,120,590
696,TRUE,1068,42022,2021-08-13,2136,42022
702,TTA,670,22918,2021-08-13,1340,22918
708,TTB,3,229003,2021-08-13,6,229003
714,TTCL,1,3537,2021-08-13,2,3537
720,TTW,200,4913,2021-08-13,400,4913
726,TU,0,6370,2021-08-13,0,6370
732,TVO,0,561,2021-08-13,0,561
738,UNIQ,0,11150,2021-08-13,0,11150
744,VGI,76,22857,2021-08-13,152,22857
750,VNG,51,11982,2021-08-13,102,11982
756,VNT,0,1861,2021-08-13,0,1861
762,WHA,2098,41176,2021-08-13,4196,41176
768,WHAUP,500,2748,2021-08-13,1000,2748
769,Single Stock,74347,2659359,2021-08-13,148694,2659359
6,AAV,7,9373,2021-08-16,14,9373
12,ADVANC,523,5119,2021-08-16,1046,5119
18,AEONTS,0,799,2021-08-16,0,799
24,AMATA,100,4428,2021-08-16,200,4428
30,AOT,64,2838,2021-08-16,128,2838
36,AP,0,24675,2021-08-16,0,24675
42,AWC,0,11522,2021-08-16,0,11522
48,BA,1,1718,2021-08-16,2,1718
54,BAM,210,9527,2021-08-16,420,9527
60,BANPU,2677,41322,2021-08-16,5354,41322
66,BAY,0,1480,2021-08-16,0,1480
72,BBL,2,9599,2021-08-16,4,9599
78,BCH,518,11225,2021-08-16,1036,11225
84,BCP,0,3987,2021-08-16,0,3987
90,BCPG,232,11234,2021-08-16,464,11234
96,BDMS,100,10091,2021-08-16,200,10091
102,BEAUTY,5,60142,2021-08-16,10,60142
108,BEC,4654,47651,2021-08-16,9308,47651
114,BEM,0,39925,2021-08-16,0,39925
120,BGRIM,11,12999,2021-08-16,22,12999
126,BH,60,889,2021-08-16,120,889
132,BJC,1,5691,2021-08-16,2,5691
138,BLA,200,2394,2021-08-16,400,2394
144,BLAND,15,258862,2021-08-16,30,258862
150,BPP,300,8394,2021-08-16,600,8394
156,BTS,2,46265,2021-08-16,4,46265
162,CBG,378,16278,2021-08-16,756,16278
168,CENTEL,1,3538,2021-08-16,2,3538
174,CHG,3433,40784,2021-08-16,6866,40784
180,CK,220,8104,2021-08-16,440,8104
186,CKP,1568,12616,2021-08-16,3136,12616
192,COM7,3,12296,2021-08-16,6,12296
198,CPALL,54,5950,2021-08-16,108,5950
204,CPF,419,38391,2021-08-16,838,38391
210,CPN,20,5138,2021-08-16,40,5138
216,CRC,0,2709,2021-08-16,0,2709
222,DELTA,23,462,2021-08-16,46,462
228,DTAC,13,3612,2021-08-16,26,3612
234,EA,0,6168,2021-08-16,0,6168
240,EASTW,0,10401,2021-08-16,0,10401
246,EGCO,29,2437,2021-08-16,58,2437
252,EPG,1,8170,2021-08-16,2,8170
258,ERW,0,4556,2021-08-16,0,4556
264,ESSO,0,8624,2021-08-16,0,8624
270,GFPT,302,10563,2021-08-16,604,10563
276,GLOBAL,100,7068,2021-08-16,200,7068
282,GPSC,50,7529,2021-08-16,100,7529
288,GULF,128,9667,2021-08-16,256,9667
294,GUNKUL,12719,162163,2021-08-16,25438,162163
300,HANA,47,3184,2021-08-16,94,3184
306,HMPRO,200,9597,2021-08-16,400,9597
312,ICHI,0,12534,2021-08-16,0,12534
318,INTUCH,241,801,2021-08-16,482,801
324,IRPC,5556,84590,2021-08-16,11112,84590
330,ITD,155,33623,2021-08-16,310,33623
336,IVL,4,10261,2021-08-16,8,10261
342,JAS,63,59642,2021-08-16,126,59642
348,JMT,100,3556,2021-08-16,200,3556
354,KBANK,74,13941,2021-08-16,148,13941
360,KCE,316,4399,2021-08-16,632,4399
366,KEX,205,1663,2021-08-16,410,1663
372,KKP,0,1632,2021-08-16,0,1632
378,KTB,1,21196,2021-08-16,2,21196
384,KTC,0,49301,2021-08-16,0,49301
390,LH,25,7675,2021-08-16,50,7675
396,LPN,61,10119,2021-08-16,122,10119
402,M,0,3008,2021-08-16,0,3008
408,MAJOR,0,7925,2021-08-16,0,7925
414,MBK,0,6285,2021-08-16,0,6285
420,MEGA,100,862,2021-08-16,200,862
426,MINT,201,6387,2021-08-16,402,6387
432,MTC,32,3886,2021-08-16,64,3886
438,OR,130,2751,2021-08-16,260,2751
444,ORI,64,24049,2021-08-16,128,24049
450,OSP,700,4244,2021-08-16,1400,4244
456,PLANB,0,20232,2021-08-16,0,20232
462,PRM,0,31193,2021-08-16,0,31193
468,PSH,13,1357,2021-08-16,26,1357
474,PSL,1382,5730,2021-08-16,2764,5730
480,PTG,800,22826,2021-08-16,1600,22826
486,PTT,302,19782,2021-08-16,604,19782
492,PTTEP,13,1544,2021-08-16,26,1544
498,PTTGC,147,13244,2021-08-16,294,13244
504,QH,0,25239,2021-08-16,0,25239
510,RATCH,40,3524,2021-08-16,80,3524
516,RS,41,89489,2021-08-16,82,89489
522,S,0,38686,2021-08-16,0,38686
528,SAMART,8,7368,2021-08-16,16,7368
534,SAWAD,226,8485,2021-08-16,452,8485
540,SCB,22,1921,2021-08-16,44,1921
546,SCC,235,2849,2021-08-16,470,2849
552,SCGP,313,10732,2021-08-16,626,10732
558,SGP,0,4903,2021-08-16,0,4903
564,SIRI,4039,152255,2021-08-16,8078,152255
570,SPALI,0,899,2021-08-16,0,899
576,SPCG,4,9355,2021-08-16,8,9355
582,SPRC,0,6109,2021-08-16,0,6109
588,STA,701,12405,2021-08-16,1402,12405
594,STEC,0,18184,2021-08-16,0,18184
600,STGT,23,10479,2021-08-16,46,10479
606,STPI,0,19694,2021-08-16,0,19694
612,SUPER,1090,217721,2021-08-16,2180,217721
618,TASCO,108,8320,2021-08-16,216,8320
624,TCAP,0,1280,2021-08-16,0,1280
630,THAI,0,18,2021-08-16,0,18
636,THANI,0,4542,2021-08-16,0,4542
642,THCOM,7,16141,2021-08-16,14,16141
648,THG,0,505,2021-08-16,0,505
654,TISCO,0,935,2021-08-16,0,935
660,TKN,35,6992,2021-08-16,70,6992
666,TOA,0,1038,2021-08-16,0,1038
672,TOP,20,4225,2021-08-16,40,4225
678,TPIPL,1561,31451,2021-08-16,3122,31451
684,TPIPP,0,9162,2021-08-16,0,9162
690,TQM,0,430,2021-08-16,0,430
696,TRUE,42,41584,2021-08-16,84,41584
702,TTA,612,24567,2021-08-16,1224,24567
708,TTB,85,231007,2021-08-16,170,231007
714,TTCL,12,3538,2021-08-16,24,3538
720,TTW,0,5113,2021-08-16,0,5113
726,TU,6,7114,2021-08-16,12,7114
732,TVO,0,761,2021-08-16,0,761
738,UNIQ,0,11150,2021-08-16,0,11150
744,VGI,2,21859,2021-08-16,4,21859
750,VNG,9,11815,2021-08-16,18,11815
756,VNT,0,1861,2021-08-16,0,1861
762,WHA,1002,40166,2021-08-16,2004,40166
768,WHAUP,1,3248,2021-08-16,2,3248
769,Single Stock,50319,2661511,2021-08-16,100638,2661511
6,AAV,500,9377,2021-08-17,1000,9377
12,ADVANC,161,5423,2021-08-17,322,5423
18,AEONTS,7,801,2021-08-17,14,801
24,AMATA,772,5494,2021-08-17,1544,5494
30,AOT,440,3010,2021-08-17,880,3010
36,AP,507,26784,2021-08-17,1014,26784
42,AWC,1027,11509,2021-08-17,2054,11509
48,BA,3,1730,2021-08-17,6,1730
54,BAM,301,9337,2021-08-17,602,9337
60,BANPU,6892,47440,2021-08-17,13784,47440
66,BAY,0,1480,2021-08-17,0,1480
72,BBL,155,9615,2021-08-17,310,9615
78,BCH,6074,12938,2021-08-17,12148,12938
84,BCP,1,4087,2021-08-17,2,4087
90,BCPG,265,11940,2021-08-17,530,11940
96,BDMS,928,10293,2021-08-17,1856,10293
102,BEAUTY,525,59207,2021-08-17,1050,59207
108,BEC,554,45130,2021-08-17,1108,45130
114,BEM,6,39928,2021-08-17,12,39928
120,BGRIM,210,12853,2021-08-17,420,12853
126,BH,41,814,2021-08-17,82,814
132,BJC,202,5690,2021-08-17,404,5690
138,BLA,101,2294,2021-08-17,202,2294
144,BLAND,1062,258824,2021-08-17,2124,258824
150,BPP,512,8494,2021-08-17,1024,8494
156,BTS,421,46464,2021-08-17,842,46464
162,CBG,165,15120,2021-08-17,330,15120
168,CENTEL,103,3339,2021-08-17,206,3339
174,CHG,16856,35938,2021-08-17,33712,35938
180,CK,320,8559,2021-08-17,640,8559
186,CKP,697,12115,2021-08-17,1394,12115
192,COM7,516,13202,2021-08-17,1032,13202
198,CPALL,517,5566,2021-08-17,1034,5566
204,CPF,329,38427,2021-08-17,658,38427
210,CPN,176,4899,2021-08-17,352,4899
216,CRC,111,2807,2021-08-17,222,2807
222,DELTA,14,459,2021-08-17,28,459
228,DTAC,117,3507,2021-08-17,234,3507
234,EA,111,6168,2021-08-17,222,6168
240,EASTW,0,10401,2021-08-17,0,10401
246,EGCO,3,2397,2021-08-17,6,2397
252,EPG,502,7670,2021-08-17,1004,7670
258,ERW,18,4556,2021-08-17,36,4556
264,ESSO,0,8636,2021-08-17,0,8636
270,GFPT,202,10060,2021-08-17,404,10060
276,GLOBAL,300,7067,2021-08-17,600,7067
282,GPSC,291,7773,2021-08-17,582,7773
288,GULF,825,9153,2021-08-17,1650,9153
294,GUNKUL,17820,163506,2021-08-17,35640,163506
300,HANA,407,3209,2021-08-17,814,3209
306,HMPRO,1136,9898,2021-08-17,2272,9898
312,ICHI,17,12566,2021-08-17,34,12566
318,INTUCH,62,577,2021-08-17,124,577
324,IRPC,1307,76755,2021-08-17,2614,76755
330,ITD,530,34395,2021-08-17,1060,34395
336,IVL,1165,9280,2021-08-17,2330,9280
342,JAS,156,56150,2021-08-17,312,56150
348,JMT,200,3656,2021-08-17,400,3656
354,KBANK,1184,14174,2021-08-17,2368,14174
360,KCE,992,4105,2021-08-17,1984,4105
366,KEX,107,1684,2021-08-17,214,1684
372,KKP,21,1632,2021-08-17,42,1632
378,KTB,559,21809,2021-08-17,1118,21809
384,KTC,5,49305,2021-08-17,10,49305
390,LH,4,7695,2021-08-17,8,7695
396,LPN,6,10174,2021-08-17,12,10174
402,M,6,3051,2021-08-17,12,3051
408,MAJOR,200,8025,2021-08-17,400,8025
414,MBK,0,5985,2021-08-17,0,5985
420,MEGA,427,862,2021-08-17,854,862
426,MINT,105,6680,2021-08-17,210,6680
432,MTC,187,4096,2021-08-17,374,4096
438,OR,114,2985,2021-08-17,228,2985
444,ORI,1000,23989,2021-08-17,2000,23989
450,OSP,706,4240,2021-08-17,1412,4240
456,PLANB,535,21265,2021-08-17,1070,21265
462,PRM,1002,29201,2021-08-17,2004,29201
468,PSH,5,1369,2021-08-17,10,1369
474,PSL,1878,6978,2021-08-17,3756,6978
480,PTG,2058,31200,2021-08-17,4116,31200
486,PTT,2276,19943,2021-08-17,4552,19943
492,PTTEP,15,1451,2021-08-17,30,1451
498,PTTGC,210,13605,2021-08-17,420,13605
504,QH,2001,25239,2021-08-17,4002,25239
510,RATCH,66,3570,2021-08-17,132,3570
516,RS,231,89492,2021-08-17,462,89492
522,S,0,38686,2021-08-17,0,38686
528,SAMART,0,7365,2021-08-17,0,7365
534,SAWAD,248,8461,2021-08-17,496,8461
540,SCB,5,2019,2021-08-17,10,2019
546,SCC,123,2412,2021-08-17,246,2412
552,SCGP,622,10622,2021-08-17,1244,10622
558,SGP,0,4903,2021-08-17,0,4903
564,SIRI,1008,156279,2021-08-17,2016,156279
570,SPALI,200,899,2021-08-17,400,899
576,SPCG,102,9257,2021-08-17,204,9257
582,SPRC,2,6109,2021-08-17,4,6109
588,STA,229,12907,2021-08-17,458,12907
594,STEC,1310,18387,2021-08-17,2620,18387
600,STGT,501,10463,2021-08-17,1002,10463
606,STPI,0,19696,2021-08-17,0,19696
612,SUPER,1002,217791,2021-08-17,2004,217791
618,TASCO,304,7947,2021-08-17,608,7947
624,TCAP,0,1280,2021-08-17,0,1280
630,THAI,0,18,2021-08-17,0,18
636,THANI,501,4042,2021-08-17,1002,4042
642,THCOM,524,15141,2021-08-17,1048,15141
648,THG,4,503,2021-08-17,8,503
654,TISCO,100,977,2021-08-17,200,977
660,TKN,508,6952,2021-08-17,1016,6952
666,TOA,100,688,2021-08-17,200,688
672,TOP,50,4342,2021-08-17,100,4342
678,TPIPL,500,31269,2021-08-17,1000,31269
684,TPIPP,0,9162,2021-08-17,0,9162
690,TQM,2,410,2021-08-17,4,410
696,TRUE,80,41562,2021-08-17,160,41562
702,TTA,10,24140,2021-08-17,20,24140
708,TTB,166,231501,2021-08-17,332,231501
714,TTCL,0,3549,2021-08-17,0,3549
720,TTW,0,5113,2021-08-17,0,5113
726,TU,14,7000,2021-08-17,28,7000
732,TVO,314,810,2021-08-17,628,810
738,UNIQ,0,11650,2021-08-17,0,11650
744,VGI,3,22359,2021-08-17,6,22359
750,VNG,0,12324,2021-08-17,0,12324
756,VNT,0,1961,2021-08-17,0,1961
762,WHA,1,42182,2021-08-17,2,42182
768,WHAUP,2,3251,2021-08-17,4,3251
769,Single Stock,91075,2668960,2021-08-17,182150,2668960
6,AAV,1077,7610,2021-08-19,1077,7610
12,ADVANC,376,5295,2021-08-19,376,5295
18,AEONTS,63,744,2021-08-19,63,744
24,AMATA,1036,5551,2021-08-19,1036,5551
30,AOT,814,2953,2021-08-19,814,2953
36,AP,3,25810,2021-08-19,3,25810
42,AWC,1322,12301,2021-08-19,1322,12301
48,BA,0,1734,2021-08-19,0,1734
54,BAM,902,10325,2021-08-19,902,10325
60,BANPU,3191,51826,2021-08-19,3191,51826
66,BAY,10,1490,2021-08-19,10,1490
72,BBL,62,10093,2021-08-19,62,10093
78,BCH,6580,10883,2021-08-19,6580,10883
84,BCP,500,3588,2021-08-19,500,3588
90,BCPG,1520,15078,2021-08-19,1520,15078
96,BDMS,1754,13421,2021-08-19,1754,13421
102,BEAUTY,8,60241,2021-08-19,8,60241
108,BEC,1016,46617,2021-08-19,1016,46617
114,BEM,4083,41851,2021-08-19,4083,41851
120,BGRIM,603,12604,2021-08-19,603,12604
126,BH,2,855,2021-08-19,2,855
132,BJC,101,5383,2021-08-19,101,5383
138,BLA,300,1795,2021-08-19,300,1795
144,BLAND,28,260714,2021-08-19,28,260714
150,BPP,428,8661,2021-08-19,428,8661
156,BTS,4582,48185,2021-08-19,4582,48185
162,CBG,1329,14368,2021-08-19,1329,14368
168,CENTEL,105,3360,2021-08-19,105,3360
174,CHG,3080,21314,2021-08-19,3080,21314
180,CK,443,8566,2021-08-19,443,8566
186,CKP,5131,13308,2021-08-19,5131,13308
192,COM7,554,12636,2021-08-19,554,12636
198,CPALL,457,6003,2021-08-19,457,6003
204,CPF,768,38015,2021-08-19,768,38015
210,CPN,169,4744,2021-08-19,169,4744
216,CRC,105,2130,2021-08-19,105,2130
222,DELTA,28,460,2021-08-19,28,460
228,DTAC,1029,3800,2021-08-19,1029,3800
234,EA,210,6216,2021-08-19,210,6216
240,EASTW,0,9501,2021-08-19,0,9501
246,EGCO,164,2608,2021-08-19,164,2608
252,EPG,2507,2689,2021-08-19,2507,2689
258,ERW,0,4038,2021-08-19,0,4038
264,ESSO,541,9176,2021-08-19,541,9176
270,GFPT,662,10218,2021-08-19,662,10218
276,GLOBAL,828,8170,2021-08-19,828,8170
282,GPSC,1858,8861,2021-08-19,1858,8861
288,GULF,1545,6884,2021-08-19,1545,6884
294,GUNKUL,11375,143565,2021-08-19,11375,143565
300,HANA,1365,2550,2021-08-19,1365,2550
306,HMPRO,510,9299,2021-08-19,510,9299
312,ICHI,6,12570,2021-08-19,6,12570
318,INTUCH,628,1567,2021-08-19,628,1567
324,IRPC,3244,78625,2021-08-19,3244,78625
330,ITD,2100,33659,2021-08-19,2100,33659
336,IVL,2120,8932,2021-08-19,2120,8932
342,JAS,48,57116,2021-08-19,48,57116
348,JMT,300,4056,2021-08-19,300,4056
354,KBANK,285,14121,2021-08-19,285,14121
360,KCE,1007,5099,2021-08-19,1007,5099
366,KEX,102,1387,2021-08-19,102,1387
372,KKP,80,1654,2021-08-19,80,1654
378,KTB,151,22338,2021-08-19,151,22338
384,KTC,304,49400,2021-08-19,304,49400
390,LH,2,7698,2021-08-19,2,7698
396,LPN,50,9626,2021-08-19,50,9626
402,M,87,2950,2021-08-19,87,2950
408,MAJOR,2374,12010,2021-08-19,2374,12010
414,MBK,0,6085,2021-08-19,0,6085
420,MEGA,1441,1068,2021-08-19,1441,1068
426,MINT,1382,5184,2021-08-19,1382,5184
432,MTC,504,3510,2021-08-19,504,3510
438,OR,918,4940,2021-08-19,918,4940
444,ORI,2,24987,2021-08-19,2,24987
450,OSP,0,3636,2021-08-19,0,3636
456,PLANB,1,20239,2021-08-19,1,20239
462,PRM,505,28205,2021-08-19,505,28205
468,PSH,1,1376,2021-08-19,1,1376
474,PSL,2703,6832,2021-08-19,2703,6832
480,PTG,2371,35650,2021-08-19,2371,35650
486,PTT,880,17593,2021-08-19,880,17593
492,PTTEP,273,1655,2021-08-19,273,1655
498,PTTGC,1453,14549,2021-08-19,1453,14549
504,QH,501,26741,2021-08-19,501,26741
510,RATCH,20,3777,2021-08-19,20,3777
516,RS,458,89362,2021-08-19,458,89362
522,S,1000,37687,2021-08-19,1000,37687
528,SAMART,503,7863,2021-08-19,503,7863
534,SAWAD,609,8512,2021-08-19,609,8512
540,SCB,85,2020,2021-08-19,85,2020
546,SCC,303,2505,2021-08-19,303,2505
552,SCGP,746,11652,2021-08-19,746,11652
558,SGP,0,5907,2021-08-19,0,5907
564,SIRI,3692,153062,2021-08-19,3692,153062
570,SPALI,51,850,2021-08-19,51,850
576,SPCG,102,8861,2021-08-19,102,8861
582,SPRC,0,6113,2021-08-19,0,6113
588,STA,594,13736,2021-08-19,594,13736
594,STEC,1337,18480,2021-08-19,1337,18480
600,STGT,600,10524,2021-08-19,600,10524
606,STPI,0,20198,2021-08-19,0,20198
612,SUPER,60,219793,2021-08-19,60,219793
618,TASCO,2480,7886,2021-08-19,2480,7886
624,TCAP,0,1180,2021-08-19,0,1180
630,THAI,0,18,2021-08-19,0,18
636,THANI,1000,4582,2021-08-19,1000,4582
642,THCOM,55,13545,2021-08-19,55,13545
648,THG,2,611,2021-08-19,2,611
654,TISCO,41,1118,2021-08-19,41,1118
660,TKN,1062,8500,2021-08-19,1062,8500
666,TOA,200,786,2021-08-19,200,786
672,TOP,853,7860,2021-08-19,853,7860
678,TPIPL,20501,32281,2021-08-19,20501,32281
684,TPIPP,0,9662,2021-08-19,0,9662
690,TQM,61,452,2021-08-19,61,452
696,TRUE,7,42060,2021-08-19,7,42060
702,TTA,861,23584,2021-08-19,861,23584
708,TTB,527,231981,2021-08-19,527,231981
714,TTCL,500,4049,2021-08-19,500,4049
720,TTW,0,4913,2021-08-19,0,4913
726,TU,1120,8116,2021-08-19,1120,8116
732,TVO,100,1275,2021-08-19,100,1275
738,UNIQ,0,11652,2021-08-19,0,11652
744,VGI,0,22854,2021-08-19,0,22854
750,VNG,2006,12331,2021-08-19,2006,12331
756,VNT,0,1961,2021-08-19,0,1961
762,WHA,2232,41118,2021-08-19,2232,41118
768,WHAUP,501,4937,2021-08-19,501,4937
769,Single Stock,135216,2663359,2021-08-19,135216,2663359
